restaurantID,name,location,reviewCount,rating,categories,address,Hours,GoodforKids,AcceptsCreditCards,Parking,Attire,GoodforGroups,PriceRange,TakesReservations,Delivery,Takeout,WaiterService,OutdoorSeating,WiFi,GoodFor,Alcohol,NoiseLevel,Ambience,HasTV,Caters,WheelchairAccessible,webSite,phoneNumber
0BvxoQf0-fAfhUudd-bXFw,Naf Naf Grill,"326 N Michigan Ave, Chicago, IL 60601 Neighborhood: b/t Wacker Pl & Macchesneyer Dr",415 reviews,4.5 star rating,"Middle Eastern,Falafel,Salad","326 N Michigan Ave, Chicago, IL 60601","Mon 10:30 am 10:00 pm
Tue 10:30 am 10:00 pm
Wed 10:30 am 10:00 pm
Thu 10:30 am 10:00 pm
Fri 10:30 am 10:00 pm
Sat 10:30 am 10:00 pm
Sun 10:30 am 10:00 pm
",Yes,Yes,Street,Casual,Yes,Under $10,No,No,Yes,No,No,No,Lunch,No,Average,Casual,No,Yes,NULL,nafnafgrill.com,(312) 263-0019
LdinBOfr0f0RFi5kJpbgyQ,Broken English Taco Pub - The Loop,"75 E. Lake St, Chicago, IL 60601 Neighborhood: b/t Dearborn St & Michigan Ave",389 reviews,3.5 star rating,"Mexican,Bars,Desserts","75 E. Lake St, Chicago, IL 60601","Mon 11:00 am 12:00 am
Tue 11:00 am 12:00 am
Wed 11:00 am 12:00 am
Thu 11:00 am 12:00 am
Fri 11:00 am 1:00 am
Sat 11:00 am 2:00 am
Sun 12:00 pm 10:00 pm
",No,Yes,Street,Casual,Yes,$11-30,Yes,No,Yes,NULL,Yes,NULL,"Lunch, Dinner",Full Bar,Loud,"Casual, Trendy",NULL,NULL,NULL,tacopub.com,(312) 929-3601
ENfiSGbuKEI0UUKPWPJqtQ,Pastoral,"53 E Lake St, Chicago, IL 60601 Neighborhood: b/t Wabash Ave & Dearborn St",599 reviews,4.0 star rating,"Cheese Shops,Delis,Sandwiches","53 E Lake St, Chicago, IL 60601","Mon 10:30 am 8:00 pm
Tue 10:30 am 8:00 pm
Wed 10:30 am 8:00 pm
Thu 10:30 am 8:00 pm
Fri 10:30 am 8:00 pm
Sat 11:00 am 6:00 pm
Sun 11:00 am 6:00 pm
",No,Yes,Street,Casual,No,$11-30,No,Yes,Yes,NULL,Yes,No,Lunch,Beer & Wine Only,Average,Casual,No,Yes,NULL,pastoralartisan.com,(312) 658-1250
hiJMiKoyP24G-0oILI8d3w,Tavern at the Park,"130 E Randolph St, Chicago, IL 60601 Neighborhood: b/t Stetson Ave & Beaubien Ct",663 reviews,3.5 star rating,"American (Traditional),Wine Bars,Beer Bar","130 E Randolph St, Chicago, IL 60601","Mon 11:00 am 10:00 pm
Tue 11:00 am 10:00 pm
Wed 11:00 am 10:00 pm
Thu 11:00 am 10:00 pm
Fri 11:00 am 10:30 pm
Sat 12:00 pm 10:30 pm
Sun 
",No,Yes,Valet,Casual,Yes,$11-30,Yes,No,Yes,NULL,Yes,Free,Dinner,Full Bar,Average,Classy,Yes,NULL,NULL,tavernatthepark.com,(312) 552-0070
MrWETKbSyG-FBq6ttK8SiQ,Eggy’s Diner,"333 E Benton Pl, Ste 103 Neighborhood: The Loop",414 reviews,4.0 star rating,"Breakfast & Brunch,American (Traditional),Diners","333 E Benton Pl, Ste 103","Mon 7:30 am 3:00 pm
Tue 7:30 am 3:00 pm
Wed 7:30 am 3:00 pm
Thu 7:30 am 3:00 pm
Fri 7:30 am 3:00 pm
Sat 7:30 am 3:00 pm
Sun 7:30 am 3:00 pm
",Yes,Yes,"Garage, Street",Casual,Yes,$11-30,No,Yes,Yes,NULL,No,Free,"Breakfast, Brunch, Lunch",No,Average,Casual,Yes,No,NULL,eggysdiner.com,(773) 234-3449
uM0bo8IaXddPZlIYfDSHhQ,Miss Ricky’s,", Neighborhood: b/t Haddock Pl & Lake St",301 reviews,3.5 star rating,"Diners,Comfort Food,American (Traditional)",",","Mon 7:00 am 2:30 pm
Tue 7:00 am 2:30 pm
Wed 7:00 am 2:30 pm
Thu 7:00 am 2:30 pm
Fri 7:00 am 2:30 pm
Sat 7:00 am 2:30 pm
Sun 7:00 am 2:30 pm
",Yes,Yes,Valet,Casual,Yes,$11-30,Yes,Yes,Yes,Yes,Yes,Free,"Breakfast, Brunch, Lunch",Full Bar,Average,Casual,Yes,NULL,Yes,virginhotels.com,(312) 940-4777
VkIQgupDqCFZorV8Ro-89A,State and Lake Chicago Tavern,"theWit Hotel, 201 N State St Neighborhood: The Loop",438 reviews,3.5 star rating,"American (New),Desserts,Breakfast & Brunch","theWit Hotel, 201 N State St","Mon 6:30 am 11:00 pm
Tue 6:30 am 11:00 pm
Wed 6:30 am 11:00 pm
Thu 6:30 am 11:00 pm
Fri 6:30 am 2:00 am
Sat 7:00 am 2:00 am
Sun 7:00 am 10:00 pm
",No,Yes,"Valet, Street",Casual,Yes,$11-30,Yes,No,Yes,NULL,Yes,Free,Dinner,Full Bar,Average,Trendy,Yes,No,NULL,stateandlakechicago.com,(312) 239-9400
Bxd9Y2PsdvIOGIKFQh53RQ,Giordano’s,"130 E Randolph, Chicago, IL 60601 Neighborhood: b/t Stetson Ave & Beaubien Ct",1846 reviews,3.5 star rating,"Pizza,Salad,Italian","130 E Randolph, Chicago, IL 60601","Mon 11:00 am 11:00 pm
Tue 11:00 am 11:00 pm
Wed 11:00 am 11:00 pm
Thu 11:00 am 11:00 pm
Fri 11:00 am 12:00 am
Sat 11:00 am 12:00 am
Sun 11:00 am 11:00 pm
",Yes,Yes,Street,Casual,Yes,$11-30,Yes,Yes,Yes,Yes,Yes,Free,"Lunch, Dinner",Full Bar,Average,Casual,Yes,Yes,Yes,giordanos.com,(312) 616-1200
M-F6KnDXBfzx926DAGy_aQ,Billy Goat Tavern Lake Street,"60 E Lake St, Chicago, IL 60601 Neighborhood: b/t Wabash Ave & Dearborn St",74 reviews,3.5 star rating,"Bars,American (Traditional),Breakfast & Brunch","60 E Lake St, Chicago, IL 60601","Mon 6:00 am 12:00 am
Tue 6:00 am 12:00 am
Wed 6:00 am 12:00 am
Thu 6:00 am 12:00 am
Fri 6:00 am 12:00 am
Sat 6:00 am 12:00 am
Sun 7:00 am 12:00 am
",Yes,Yes,NULL,Casual,Yes,Under $10,No,No,Yes,NULL,No,No,"Breakfast, Lunch, Dinner",Full Bar,Average,"Casual, Touristy",Yes,NULL,NULL,billygoattavern.com,(312) 346-5620
e8zF4XF0lKCMypVvfKpo8w,honeygrow,"70 E Lake St, Chicago, IL 60601 Neighborhood: b/t Wabash Ave & Dearborn St",20 reviews,3.5 star rating,"Salad,Noodles","70 E Lake St, Chicago, IL 60601","Mon 10:30 am 9:00 pm
Tue 10:30 am 9:00 pm
Wed 10:30 am 9:00 pm
Thu 10:30 am 9:00 pm
Fri 10:30 am 9:00 pm
Sat 10:30 am 9:00 pm
Sun 10:30 am 8:00 pm
",Yes,Yes,Street,Casual,Yes,$11-30,No,Yes,Yes,NULL,No,Free,Dinner,No,Loud,Casual,No,NULL,Yes,honeygrow.com,(312) 624-8107
Y1b6Z9D_WzAzUbTsjNJ8IQ,RAISED Urban Rooftop Bar,"1 W Wacker Dr, Chicago, IL 60601 Neighborhood: at Wabash Ave",162 reviews,3.5 star rating,"Bars,American (New)","1 W Wacker Dr, Chicago, IL 60601","Mon 4:00 pm 12:00 am
Tue 4:00 pm 12:00 am
Wed 4:00 pm 12:00 am
Thu 4:00 pm 12:00 am
Fri 2:00 pm 12:00 am
Sat 2:00 pm 12:00 am
Sun 
",No,Yes,Garage,Casual,Yes,$11-30,No,No,No,NULL,Yes,Free,"Dinner, Late Night",Full Bar,Average,"Casual, Trendy",NULL,NULL,NULL,raisedbarchicago.com,(312) 795-3444
R-IUS8o7S964FNHmmMOMmQ,The Halal Guys,"172 North Wabash Ave, Chicago, IL 60601 Neighborhood: The Loop",128 reviews,3.0 star rating,"Halal,Middle Eastern","172 North Wabash Ave, Chicago, IL 60601","Mon 11:00 am 10:00 pm
Tue 11:00 am 10:00 pm
Wed 11:00 am 10:00 pm
Thu 11:00 am 10:00 pm
Fri 11:00 am 10:00 pm
Sat 11:00 am 10:00 pm
Sun 11:00 am 10:00 pm
",Yes,Yes,Street,Casual,No,Under $10,No,Yes,Yes,No,No,Free,"Lunch, Dinner",No,Average,Casual,No,Yes,NULL,nwabashavechicagoil.thehalalg…,(312) 374-3255
dMEr_XitO-5S_ezNC6EYZQ,Morton’s The Steakhouse,"65 E Wacker Pl, Chicago, IL 60601 Neighborhood: b/t Wabash Ave & Lower Wacker Dr",335 reviews,4.0 star rating,"Steakhouses,American (Traditional),Bars","65 E Wacker Pl, Chicago, IL 60601","Mon 11:30 am 11:00 pm
Tue 11:30 am 11:00 pm
Wed 11:30 am 11:00 pm
Thu 11:30 am 11:00 pm
Fri 11:30 am 11:00 pm
Sat 5:00 pm 11:00 pm
Sun 5:00 pm 10:00 pm
",No,Yes,Valet,Dressy,Yes,$31-60,Yes,No,Yes,NULL,No,No,Dinner,Full Bar,Average,"Classy, Upscale",Yes,Yes,NULL,mortons.com/wacker,(312) 201-0410
BNaElIaBfIZjyxc4Eo7WLw,LH Rooftop,"85 E Wacker Dr, Chicago, IL 60601 Neighborhood: b/t Lower Wacker Dr & Michigan Ave",60 reviews,2.5 star rating,"Cocktail Bars,American (New)","85 E Wacker Dr, Chicago, IL 60601","Mon 4:00 pm 12:00 am
Tue 4:00 pm 12:00 am
Wed 4:00 pm 12:00 am
Thu 4:00 pm 12:00 am
Fri 4:00 pm 3:00 am
Sat 10:00 am 2:00 am
Sun 10:00 am 12:00 am
",No,Yes,NULL,Dressy,Yes,Above $61,Yes,No,No,Yes,Yes,Free,NULL,Full Bar,Average,"Touristy, Classy",No,No,NULL,NULL,(312) 357-1200
TeJGJA4_iPNMDuQUxmphHg,Catch 35,"35 W Wacker Dr, Chicago, IL 60601 Neighborhood: b/t Wabash Ave & Lower Wacker Dr",724 reviews,4.0 star rating,Seafood,"35 W Wacker Dr, Chicago, IL 60601","Mon 11:30 am 9:30 pm
Tue 11:30 am 9:30 pm
Wed 11:30 am 9:30 pm
Thu 11:30 am 9:30 pm
Fri 11:30 am 10:00 pm
Sat 4:00 pm 10:00 pm
Sun 4:00 pm 9:00 pm
",No,Yes,Valet,Dressy,Yes,$31-60,Yes,Yes,Yes,NULL,No,Free,Dinner,Full Bar,Average,Classy,No,No,NULL,catch35.com,(312) 346-3500
EwjiWbRN33-kZlG2Yzc3xg,Taco Bell Cantina,"178 N Wabash Ave, Chicago, IL 60601 Neighborhood: The Loop",5 reviews,3.0 star rating,NULL,"178 N Wabash Ave, Chicago, IL 60601","Mon 10:00 am 2:00 am
Tue 10:00 am 2:00 am
Wed 10:00 am 2:00 am
Thu 10:00 am 2:00 am
Fri 10:00 am 2:00 am
Sat 10:00 am 2:00 am
Sun 10:00 am 2:00 am
",NULL,NULL,NULL,NULL,NULL,NULL,No,No,NULL,NULL,NULL,NULL,NULL,Beer & Wine Only,Average,NULL,NULL,NULL,NULL,tacobell.com,(773) 661-2607
ugOU_IJV4qFSaC1BtuazyQ,Sweetwater Tavern and Grille,"225 N Michigan Ave, Chicago, IL 60601 Neighborhood: b/t Wacker Pl & Lake St",822 reviews,3.5 star rating,"American (New),Sports Bars,Burgers","225 N Michigan Ave, Chicago, IL 60601","Mon 11:00 am 11:00 pm
Tue 11:00 am 11:00 pm
Wed 11:00 am 11:00 pm
Thu 11:00 am 12:00 am
Fri 11:00 am 1:00 am
Sat 10:00 am 1:00 am
Sun 10:00 am 11:00 pm
",No,Yes,Street,Casual,Yes,$11-30,Yes,No,Yes,NULL,Yes,Free,"Lunch, Dinner",Full Bar,Average,Casual,Yes,NULL,NULL,sweetwatertavernandgrille.com,(312) 698-7111
qn3xtrTab0f7BiAgpB_xBg,Columbus Tap,"200 North Columbus Dr, Chicago, IL 60601 Neighborhood: b/t Water St & Lower South Water",54 reviews,3.0 star rating,"American (Traditional),Beer Bar,Desserts","200 North Columbus Dr, Chicago, IL 60601","Mon 11:30 am 12:00 am
Tue 11:30 am 12:00 am
Wed 11:30 am 12:00 am
Thu 11:30 am 12:00 am
Fri 11:30 am 12:00 am
Sat 11:30 am 12:00 am
Sun 11:30 am 12:00 am
",No,Yes,Valet,Casual,Yes,$11-30,Yes,No,Yes,NULL,NULL,NULL,"Lunch, Dinner",Full Bar,Average,Casual,NULL,NULL,Yes,columbustap.com,(312) 565-6644
ndVrtzisx6t3dpK84Is_5g,American Craft Kitchen & Bar,"151 E Wacker Dr, Chicago, IL 60601 Neighborhood: b/t Beaubien Ct & Stetson Ave",71 reviews,3.5 star rating,American (Traditional),"151 E Wacker Dr, Chicago, IL 60601","Mon 6:00 am 10:00 pm
Tue 6:00 am 10:00 pm
Wed 6:00 am 10:00 pm
Thu 6:00 am 10:00 pm
Fri 6:00 am 10:00 pm
Sat 6:00 am 10:00 pm
Sun 6:00 am 10:00 pm
",Yes,Yes,"Valet, Garage",Casual,Yes,$11-30,Yes,No,Yes,Yes,No,Free,"Breakfast, Lunch, Dinner",Full Bar,Average,"Casual, Touristy, Trendy, Classy",Yes,No,NULL,NULL,(312) 565-1234
jGiKIJCVLZHXQDSNnSLPsw,Xoco,"449 N Clark St, Chicago, IL 60654 Neighborhood: Near North Side",3293 reviews,4.0 star rating,"Mexican,Breakfast & Brunch,Sandwiches","449 N Clark St, Chicago, IL 60654","Mon 
Tue 8:00 am 9:00 pm
Wed 8:00 am 9:00 pm
Thu 8:00 am 9:00 pm
Fri 8:00 am 10:00 pm
Sat 8:00 am 10:00 pm
Sun 
",Yes,Yes,Street,Casual,No,$11-30,No,No,Yes,No,Yes,No,Lunch,Beer & Wine Only,Average,Casual,No,No,Yes,rickbayless.com,(312) 661-1434
4HgsNJmxh9mwVCCCFPyn8Q,sweetgreen,"150 N Michigan Ave, Chicago, IL 60601 Neighborhood: at Randolph St",12 reviews,4.0 star rating,NULL,"150 N Michigan Ave, Chicago, IL 60601","Mon 10:30 am 10:00 pm
Tue 10:30 am 10:00 pm
Wed 10:30 am 10:00 pm
Thu 10:30 am 10:00 pm
Fri 10:30 am 10:00 pm
Sat 10:30 am 10:00 pm
Sun 10:30 am 10:00 pm
",Yes,Yes,NULL,NULL,No,NULL,NULL,NULL,Yes,NULL,NULL,NULL,NULL,NULL,NULL,NULL,NULL,NULL,NULL,sweetgreen.com,(312) 471-0300
EQ2MgU-7QbBpYnjtejS2DA,bopNgrill,", Neighborhood: The Loop",3 reviews,4.0 star rating,NULL,",","Mon 10:30 am 7:00 pm
Tue 10:30 am 7:00 pm
Wed 10:30 am 7:00 pm
Thu 10:30 am 7:00 pm
Fri 10:30 am 7:00 pm
Sat 
Sun 
",NULL,NULL,NULL,NULL,NULL,NULL,NULL,NULL,NULL,NULL,NULL,NULL,NULL,NULL,NULL,NULL,NULL,NULL,NULL,bopngrill.com,(773) 999-9411
7Ees_Pd8ehKBMAtFzjPpyQ,Wow Bao,"1 W Wacker Dr, Ste 107 Neighborhood: at Wabash Ave",510 reviews,3.5 star rating,"Chinese,Asian Fusion,Fast Food","1 W Wacker Dr, Ste 107","Mon 8:00 am 9:00 pm
Tue 8:00 am 9:00 pm
Wed 8:00 am 9:00 pm
Thu 8:00 am 9:00 pm
Fri 8:00 am 9:00 pm
Sat 11:00 am 9:00 pm
Sun 12:00 pm 6:00 pm
",Yes,Yes,Street,Casual,Yes,Under $10,No,Yes,Yes,NULL,Yes,Free,Lunch,No,Average,Casual,No,Yes,Yes,wowbao.com,(312) 658-0305
3Q_N0K28SRJbPy2sz0QqVw,Prime & Provisions,"222 N La Salle St, Chicago, IL 60601 Neighborhood: b/t Haddock Pl & Lasalle St",649 reviews,4.5 star rating,"American (Traditional),Seafood,Steakhouses","222 N La Salle St, Chicago, IL 60601","Mon 11:30 am 11:00 pm
Tue 11:30 am 11:00 pm
Wed 11:30 am 11:00 pm
Thu 11:30 am 11:00 pm
Fri 11:30 am 12:00 am
Sat 5:00 pm 12:00 am
Sun 4:00 pm 9:00 pm
",No,Yes,"Valet, Street",Dressy,Yes,Above $61,Yes,No,Yes,NULL,Yes,Free,Dinner,Full Bar,Average,"Classy, Upscale",Yes,NULL,Yes,primeandprovisions.com,(312) 726-7777
4wmRu3bpaSpW999SHGK34g,Revival Food Hall,"125 S Clark St, Chicago, IL 60603 Neighborhood: The Loop",286 reviews,4.0 star rating,Food Court,"125 S Clark St, Chicago, IL 60603","Mon 7:00 am 7:00 pm
Tue 7:00 am 7:00 pm
Wed 7:00 am 7:00 pm
Thu 7:00 am 7:00 pm
Fri 7:00 am 7:00 pm
Sat 
Sun 
",Yes,Yes,Street,Casual,Yes,$11-30,No,Yes,Yes,No,No,Free,Lunch,Full Bar,Loud,"Hipster, Casual, Trendy",No,NULL,Yes,revivalfoodhall.com,(773) 999-9411
s9CsFdNxcmF0jx8T94D3FQ,Ramen Misoya,"213 E Ohio St, Chicago, IL 60611 Neighborhood: b/t St Clair St & Fairbanks Ct",250 reviews,3.5 star rating,Ramen,"213 E Ohio St, Chicago, IL 60611","Mon 11:00 am 3:00 pm 5:00 pm 9:30 pm
Tue 11:00 am 3:00 pm 5:00 pm 9:30 pm
Wed 11:00 am 3:00 pm 5:00 pm 9:30 pm
Thu 11:00 am 3:00 pm 5:00 pm 9:30 pm
Fri 11:00 am 3:00 pm 5:00 pm 9:30 pm
Sat 11:00 am 3:00 pm 5:00 pm 9:30 pm
Sun 11:00 am 3:00 pm 5:00 pm 9:30 pm
",Yes,Yes,Street,Casual,Yes,$11-30,No,No,Yes,Yes,No,No,"Lunch, Dinner",No,Average,Casual,Yes,NULL,Yes,NULL,(815) 770-5857
Vw-Qn1Hg06h4yBUdDQCXyA,Sushi-San,"63 W Grand Ave, Chicago, IL 60654 Neighborhood: Near North Side",74 reviews,4.0 star rating,Sushi Bars,"63 W Grand Ave, Chicago, IL 60654","Mon 4:00 pm 12:00 am
Tue 4:00 pm 12:00 am
Wed 4:00 pm 12:00 am
Thu 4:00 pm 12:00 am
Fri 4:00 pm 1:00 am
Sat 4:00 pm 1:00 am
Sun 4:00 pm 12:00 am
",No,Yes,Street,Casual,Yes,$11-30,Yes,Yes,Yes,Yes,No,Free,Dinner,Full Bar,Average,Casual,No,No,NULL,sushisanrestaurant.com,(312) 828-0575
mM8IrFugec_AS_RoLEgz1w,The Living Room,"151 East Wacker Dr, Hyatt Regency Chicago Neighborhood: b/t Beaubien Ct & Stetson Ave",6 reviews,4.5 star rating,"Tapas/Small Plates,Cocktail Bars","151 East Wacker Dr, Hyatt Regency Chicago","Mon 
Tue 5:00 am 11:00 pm
Wed 5:00 am 11:00 pm
Thu 5:00 am 11:00 pm
Fri 5:00 am 11:00 pm
Sat 5:00 am 11:00 pm
Sun 
",No,Yes,NULL,Casual,Yes,$11-30,No,No,Yes,NULL,NULL,Free,NULL,NULL,NULL,NULL,NULL,NULL,NULL,chicago.regency.hyatt.com,(312) 565-1234
nMU5Y8IofUupXNWNoeSo9A,Brown Bag Seafood,"340 E Randolph St, Chicago, IL 60601 Neighborhood: at Columbus Dr",280 reviews,4.0 star rating,"Seafood,Fast Food","340 E Randolph St, Chicago, IL 60601","Mon 11:00 am 9:00 pm
Tue 11:00 am 9:00 pm
Wed 11:00 am 9:00 pm
Thu 11:00 am 9:00 pm
Fri 11:00 am 9:00 pm
Sat 11:00 am 9:00 pm
Sun 
",Yes,Yes,"Garage, Street",Casual,Yes,$11-30,No,Yes,Yes,No,Yes,Free,Lunch,Full Bar,Average,Casual,Yes,NULL,Yes,brownbagseafood.com/home,(312) 496-3999
cKZNbMvoqJaUe7n6lf6i7w,Wildberry Pancakes and Cafe,"130 E Randolph St, Chicago, IL 60601 Neighborhood: b/t Stetson Ave & Beaubien Ct",4382 reviews,4.5 star rating,"Breakfast & Brunch,American (New)","130 E Randolph St, Chicago, IL 60601","Mon 6:30 am 2:30 pm
Tue 6:30 am 2:30 pm
Wed 6:30 am 2:30 pm
Thu 6:30 am 2:30 pm
Fri 6:30 am 2:30 pm
Sat 6:30 am 2:30 pm
Sun 6:30 am 2:30 pm
",Yes,Yes,NULL,Casual,Yes,$11-30,No,No,Yes,Yes,Yes,Free,"Breakfast, Brunch",No,Average,Casual,No,No,NULL,wildberrycafe.com,(312) 938-9777
TMaIQpLvvJgD3WcMuBGgKw,Capriotti’s Sandwich Shop,"174 N Wabash Ave, Chicago, IL 60601 Neighborhood: The Loop",90 reviews,4.0 star rating,Sandwiches,"174 N Wabash Ave, Chicago, IL 60601","Mon 9:00 am 10:00 pm
Tue 9:00 am 10:00 pm
Wed 9:00 am 10:00 pm
Thu 9:00 am 10:00 pm
Fri 9:00 am 10:00 pm
Sat 10:30 am 10:00 pm
Sun 10:30 am 10:00 pm
",Yes,Yes,Street,Casual,Yes,Under $10,No,Yes,Yes,No,Yes,No,Lunch,No,Average,Casual,Yes,Yes,Yes,capriottis.com,(312) 344-1695
8KzVXx6GCNBZBdtRGIdZDA,Sable,", Neighborhood: Near North Side",1235 reviews,4.0 star rating,"American (New),Bars,Breakfast & Brunch",",","Mon 6:30 am 10:30 am 4:00 pm 11:00 pm
Tue 6:30 am 10:30 am 4:00 pm 11:00 pm
Wed 6:30 am 10:30 am 4:00 pm 11:00 pm
Thu 6:30 am 10:30 am 4:00 pm 11:00 pm
Fri 6:30 am 10:30 am 4:00 pm 12:00 am
Sat 8:00 am 2:00 pm 4:00 pm 12:00 am
Sun 8:00 am 2:00 pm 4:00 pm 10:00 pm
",No,Yes,"Valet, Street",Casual,Yes,$11-30,No,No,Yes,NULL,Yes,Free,Dinner,Full Bar,Average,Trendy,Yes,No,NULL,sablechicago.com,(312) 755-9704
42fKxghGjTmoBaTsX0OiFg,Ronny’s Original Chicago Steak House,"100 W Randolph St, Chicago, IL 60601 Neighborhood: b/t Michigan Ave & Beaubien Ct",209 reviews,3.5 star rating,"Steakhouses,Sandwiches,Barbeque","100 W Randolph St, Chicago, IL 60601","Mon 7:00 am 10:00 pm
Tue 7:00 am 10:00 pm
Wed 7:00 am 10:00 pm
Thu 7:00 am 10:00 pm
Fri 7:00 am 10:00 pm
Sat 7:00 am 10:00 pm
Sun 7:00 am 10:00 pm
",Yes,Yes,Street,Casual,Yes,$11-30,No,No,Yes,No,No,No,Lunch,Beer & Wine Only,Average,Casual,No,No,Yes,ronnyssteakhouse.com,(312) 346-9487
Lih5VgEGoXbohqVlIP_bVg,Elephant & Castle,"185 N Wabash Ave, Chicago, IL 60601 Neighborhood: The Loop",480 reviews,3.0 star rating,"Pubs,British","185 N Wabash Ave, Chicago, IL 60601","Mon 11:00 am 2:00 am
Tue 11:00 am 2:00 am
Wed 11:00 am 2:00 am
Thu 11:00 am 2:00 am
Fri 11:00 am 2:00 am
Sat 9:00 am 2:00 am
Sun 9:00 am 2:00 am
",No,Yes,Street,Casual,Yes,$11-30,Yes,No,Yes,NULL,Yes,Free,"Lunch, Dinner",Full Bar,Average,Casual,Yes,No,NULL,elephantcastle.com,(312) 345-1710
doMpF2X9a2F8WoQH78ZL4w,III Forks,"180 N Field Blvd, Chicago, IL 60601 Neighborhood: The Loop",342 reviews,3.5 star rating,Steakhouses,"180 N Field Blvd, Chicago, IL 60601","Mon 4:00 pm 10:00 pm
Tue 4:00 pm 10:00 pm
Wed 4:00 pm 10:00 pm
Thu 4:00 pm 10:00 pm
Fri 4:00 pm 11:00 pm
Sat 4:00 pm 11:00 pm
Sun 4:00 pm 10:00 pm
",No,Yes,Valet,Dressy,Yes,$31-60,Yes,Yes,Yes,Yes,Yes,Free,Dinner,Full Bar,Average,"Classy, Upscale",Yes,Yes,Yes,3forks.com,(312) 938-4303
1sMa5flhmM9UGQpBh4u5Iw,Nutella Cafe,"189 N Michigan Ave, Chicago, IL 60601 Neighborhood: at Lake St",357 reviews,2.5 star rating,"Desserts,American (New),Cafes","189 N Michigan Ave, Chicago, IL 60601","Mon 7:00 am 9:00 pm
Tue 7:00 am 9:00 pm
Wed 7:00 am 9:00 pm
Thu 7:00 am 9:00 pm
Fri 7:00 am 10:00 pm
Sat 8:00 am 10:00 pm
Sun 8:00 am 9:00 pm
",Yes,Yes,NULL,Casual,No,$11-30,Yes,No,Yes,No,Yes,Free,"Breakfast, Brunch, Lunch, Dessert",No,Loud,"Casual, Touristy",No,No,Yes,NULL,(800) 861-4888
oW1A_uqrMSHjAK6D5uZrFA,Staytion Market & Bar,"1 West Wacker Dr, Chicago, IL 60601 Neighborhood: at Wabash Ave",26 reviews,4.0 star rating,"American (New),Bars","1 West Wacker Dr, Chicago, IL 60601","Mon 6:00 am 1:00 am
Tue 6:00 am 1:00 am
Wed 6:00 am 1:00 am
Thu 6:00 am 2:00 am
Fri 6:00 am 2:00 am
Sat 6:00 am 2:00 am
Sun 6:00 am 1:00 am
",No,Yes,NULL,Casual,Yes,$11-30,No,No,Yes,Yes,No,Free,NULL,Full Bar,NULL,"Casual, Upscale",Yes,NULL,NULL,marriott.com/hotels/hotel-inf…,(312) 372-7200
ti4Q-kakzeL0bl6uY7yMnw,Land & Lake Kitchen,"81 E Upper Wacker Dr, Chicago, IL 60601 Neighborhood: The Loop",34 reviews,3.0 star rating,"Wine Bars,American (Traditional),Beer Bar","81 E Upper Wacker Dr, Chicago, IL 60601","Mon 6:30 am 10:00 pm
Tue 6:30 am 10:00 pm
Wed 6:30 am 10:00 pm
Thu 6:30 am 10:00 pm
Fri 6:30 am 10:00 pm
Sat 7:00 am 10:00 pm
Sun 7:00 am 10:00 pm
",Yes,Yes,"Valet, Street",Casual,Yes,$11-30,No,No,Yes,NULL,NULL,NULL,"Breakfast, Lunch, Dinner",Full Bar,Loud,Casual,NULL,NULL,Yes,landlkitchen.com,(312) 253-2337
LHpygzroItKWRslDr-e4-g,Hoyt’s Chicago,"71 E Wacker Dr, Chicago, IL 60601 Neighborhood: b/t Wabash Ave & Lower Wacker Dr",143 reviews,3.0 star rating,American (Traditional),"71 E Wacker Dr, Chicago, IL 60601","Mon 6:30 am 11:00 pm
Tue 6:30 am 11:00 pm
Wed 6:30 am 11:00 pm
Thu 6:30 am 11:00 pm
Fri 6:30 am 11:30 pm
Sat 6:30 am 11:30 pm
Sun 6:30 am 11:00 pm
",No,Yes,Valet,Casual,Yes,$11-30,Yes,No,Yes,NULL,Yes,Free,Dinner,Full Bar,Average,Casual,Yes,No,NULL,wyndhamgrandchicagoriverfront…,(312) 346-9870
b6DDnuj6WeQozVEXngTEKA,Bella Bacinos,"75 E Wacker Dr, Chicago, IL 60601 Neighborhood: b/t Wabash Ave & Lower Wacker Dr",386 reviews,3.5 star rating,"Pizza,Italian,Breakfast & Brunch","75 E Wacker Dr, Chicago, IL 60601","Mon 6:30 am 10:00 pm
Tue 6:30 am 10:00 pm
Wed 6:30 am 10:00 pm
Thu 6:30 am 10:00 pm
Fri 6:30 am 11:00 pm
Sat 8:00 am 11:00 pm
Sun 8:00 am 10:00 pm
",Yes,Yes,NULL,Casual,Yes,$11-30,Yes,Yes,Yes,Yes,Yes,Free,Dinner,Full Bar,Average,Casual,Yes,Yes,NULL,bacinos.com,(312) 263-2350
OIJFmrg_CsYtKPri4b4sjg,Potbelly Sandwich Shop,"111 E Wacker Dr, Chicago, IL 60601 Neighborhood: b/t Water St & Michigan Ave",30 reviews,4.0 star rating,"Sandwiches,Fast Food,Soup","111 E Wacker Dr, Chicago, IL 60601","Mon 6:30 am 7:00 pm
Tue 6:30 am 7:00 pm
Wed 6:30 am 7:00 pm
Thu 6:30 am 7:00 pm
Fri 10:00 am 4:00 pm
Sat 
Sun 6:30 am 7:00 pm
",Yes,Yes,Garage,Casual,Yes,Under $10,No,Yes,Yes,NULL,No,No,Lunch,No,Average,Casual,No,Yes,NULL,potbelly.com,(312) 861-0013
4t55Sb9C0lnsCyuZhjcP0A,Wow Bao,"225 N Michigan Ave, Chicago, IL 60601 Neighborhood: b/t Wacker Pl & Lake St",88 reviews,3.5 star rating,"Chinese,Asian Fusion,Mongolian","225 N Michigan Ave, Chicago, IL 60601","Mon 7:00 am 6:00 pm
Tue 7:00 am 6:00 pm
Wed 7:00 am 6:00 pm
Thu 7:00 am 6:00 pm
Fri 7:00 am 6:00 pm
Sat 
Sun 
",Yes,Yes,NULL,Casual,No,Under $10,No,No,Yes,No,No,Free,Lunch,No,Average,Casual,No,Yes,NULL,wowbao.com,(312) 226-2299
iYZZmQGHC28G-oZcIa4CUw,Sidebar Grille,"221 N La Salle St, Chicago, IL 60601 Neighborhood: b/t Haddock Pl & Lasalle St",253 reviews,3.5 star rating,"American (Traditional),Bars","221 N La Salle St, Chicago, IL 60601","Mon 11:00 am 11:00 pm
Tue 11:00 am 11:00 pm
Wed 11:00 am 11:00 pm
Thu 11:00 am 11:00 pm
Fri 11:00 am 11:00 pm
Sat 
Sun 
",No,Yes,Street,Casual,Yes,$11-30,Yes,No,Yes,NULL,No,Free,Lunch,Full Bar,Average,Casual,Yes,NULL,NULL,sidebargrille.com,(312) 739-3900
1WjfpwF1-tiKV6U0dtp3og,Chick-fil-A,"177 N State St, Ste 1A Neighborhood: b/t Benton Pl & Lake St",174 reviews,4.0 star rating,Fast Food,"177 N State St, Ste 1A","Mon 6:30 am 9:45 pm
Tue 6:30 am 10:00 pm
Wed 6:30 am 10:00 pm
Thu 6:30 am 10:00 pm
Fri 6:30 am 10:00 pm
Sat 8:00 am 10:00 pm
Sun 
",Yes,Yes,Street,Casual,Yes,Under $10,No,No,Yes,NULL,No,Free,Lunch,No,Average,Casual,No,Yes,NULL,chick-fil-a.com,(312) 419-1522
Nj1S50plrXjrchoDuNT95Q,Bombay Wraps,"122 N Wells St, Chicago, IL 60606 Neighborhood: The Loop",390 reviews,4.0 star rating,"Indian,Vegetarian,Wraps","122 N Wells St, Chicago, IL 60606","Mon 10:00 am 6:00 pm
Tue 10:00 am 6:00 pm
Wed 10:00 am 6:00 pm
Thu 10:00 am 6:00 pm
Fri 10:00 am 6:00 pm
Sat 11:00 am 3:00 pm
Sun 
",Yes,Yes,"Garage, Street",Casual,Yes,Under $10,No,Yes,Yes,NULL,Yes,No,Lunch,No,Average,Casual,Yes,Yes,NULL,bombaywraps.com,(312) 739-9727
8qZyXQDIavElB-UTnLnPUw,Randolph Tavern,"188 W Randolph St, Chicago, IL 60601 Neighborhood: b/t Stetson Ave & Beaubien Ct",299 reviews,3.0 star rating,"Pubs,American (New)","188 W Randolph St, Chicago, IL 60601","Mon 11:00 am 10:00 pm
Tue 11:00 am 10:00 pm
Wed 11:00 am 10:00 pm
Thu 11:00 am 10:00 pm
Fri 11:00 am 10:00 pm
Sat 5:00 pm 10:00 pm
Sun 5:00 pm 9:00 pm
",No,Yes,"Garage, Street",Casual,Yes,$11-30,Yes,No,Yes,NULL,No,NULL,Lunch,Full Bar,Loud,Casual,NULL,NULL,NULL,randolphtavern.com,(312) 683-3280
kFbnhGBunOGVxxCC19MBuQ,New Orleans Kitchen,"100 W Randolph St, Atrium Mall Neighborhood: b/t Michigan Ave & Beaubien Ct",53 reviews,3.5 star rating,Cajun/Creole,"100 W Randolph St, Atrium Mall","Mon 9:15 am 4:00 pm
Tue 9:15 am 4:00 pm
Wed 9:15 am 4:00 pm
Thu 9:15 am 4:00 pm
Fri 9:15 am 4:00 pm
Sat 
Sun 
",Yes,Yes,"Garage, Street",Casual,Yes,Under $10,Yes,No,Yes,NULL,No,Free,NULL,No,Average,Casual,No,No,NULL,neworleans-kitchen.com,(312) 263-1737
2ZURzjCMKBBClbafMY0eHw,Tokyo Lunch Boxes,"111 E Wacker Dr, Chicago, IL 60601 Neighborhood: b/t Water St & Michigan Ave",21 reviews,3.0 star rating,Japanese,"111 E Wacker Dr, Chicago, IL 60601","Mon 8:00 am 4:00 pm
Tue 8:00 am 4:00 pm
Wed 8:00 am 4:00 pm
Thu 8:00 am 4:00 pm
Fri 8:00 am 4:00 pm
Sat 8:00 am 4:00 pm
Sun 8:00 am 4:00 pm
",No,Yes,NULL,Casual,No,Under $10,No,No,Yes,NULL,No,No,NULL,No,NULL,NULL,No,NULL,NULL,NULL,(312) 938-4450
I7wsZrUFrex9OSIHP-nwrw,The Commons Club,"203 N Wabash Ave, Fl 2 Neighborhood: b/t Haddock Pl & Lake St",56 reviews,4.0 star rating,"Bars,American (Traditional),Venues & Event Spaces","203 N Wabash Ave, Fl 2","Mon 11:00 am 11:00 pm
Tue 11:00 am 11:00 pm
Wed 11:00 am 11:00 pm
Thu 11:00 am 1:00 am
Fri 11:00 am 1:00 am
Sat 11:00 am 1:00 am
Sun 11:00 am 11:00 pm
",No,Yes,Valet,Casual,Yes,$11-30,Yes,No,No,NULL,No,NULL,NULL,Full Bar,Average,Trendy,NULL,NULL,Yes,commonsclub.com,(312) 940-4747
ImnN3MAT6bz6XIepMs6nIQ,Protein Bar,"151 N Michigan Ave, Chicago, IL 60601 Neighborhood: at Randolph St",123 reviews,4.0 star rating,"American (New),Vegan,Gluten-Free","151 N Michigan Ave, Chicago, IL 60601","Mon 7:00 am 8:00 pm
Tue 7:00 am 8:00 pm
Wed 7:00 am 8:00 pm
Thu 7:00 am 8:00 pm
Fri 7:00 am 8:00 pm
Sat 9:00 am 6:00 pm
Sun 9:00 am 6:00 pm
",Yes,Yes,Street,Casual,No,Under $10,No,No,Yes,No,No,Free,"Breakfast, Lunch",No,Average,Casual,Yes,NULL,Yes,theproteinbar.com,(312) 374-1459
l6DMsJBpFVTkngK8aECoig,El Jardin,"303 E Wacker Dr, Chicago, IL 60601 Neighborhood: b/t Columbus Dr & Field Blvd",7 reviews,3.5 star rating,"Mexican,Delis,Breakfast & Brunch","303 E Wacker Dr, Chicago, IL 60601",NULL,Yes,No,NULL,Casual,Yes,Under $10,No,No,Yes,No,No,No,Brunch,No,Average,NULL,No,No,NULL,NULL,NULL
xM3rdKK2YiazFDD4GnjZ8A,Stetsons Modern Steak + Sushi,"151 E Wacker Dr, Chicago, IL 60601 Neighborhood: b/t Beaubien Ct & Stetson Ave",145 reviews,4.0 star rating,"Sushi Bars,Steakhouses,Seafood","151 E Wacker Dr, Chicago, IL 60601","Mon 
Tue 5:00 pm 10:00 pm
Wed 5:00 pm 10:00 pm
Thu 5:00 pm 10:00 pm
Fri 5:00 pm 10:00 pm
Sat 5:00 pm 10:00 pm
Sun 
",No,Yes,Valet,Casual,Yes,$31-60,Yes,No,No,NULL,No,Free,Dinner,Full Bar,Average,"Classy, Upscale",Yes,No,NULL,stetsonschicago.com,(312) 239-4491
X7KOsmDJ3g_VBMoTJcl2WQ,Dia De Los Tamales,"108 N State St, Chicago, IL 60602 Neighborhood: b/t Court Pl & Washington St",10 reviews,3.5 star rating,NULL,"108 N State St, Chicago, IL 60602","Mon 7:00 am 7:00 pm
Tue 7:00 am 7:00 pm
Wed 7:00 am 7:00 pm
Thu 7:00 am 7:00 pm
Fri 7:00 am 7:00 pm
Sat 
Sun 
",NULL,NULL,NULL,NULL,NULL,NULL,NULL,NULL,NULL,NULL,NULL,NULL,NULL,No,NULL,NULL,No,NULL,NULL,NULL,NULL
jkJgeuxKApa5Ok4e3_oe4Q,McCormick & Schmick’s Seafood & Steaks,"1 E Wacker Dr, Chicago, IL 60601 Neighborhood: at Wabash Ave",370 reviews,3.0 star rating,"Seafood,Steakhouses","1 E Wacker Dr, Chicago, IL 60601","Mon 11:30 am 10:00 pm
Tue 11:30 am 10:00 pm
Wed 11:30 am 10:00 pm
Thu 11:30 am 10:00 pm
Fri 11:30 am 11:00 pm
Sat 4:00 pm 11:00 pm
Sun 4:00 pm 9:00 pm
",No,Yes,NULL,Casual,Yes,$31-60,Yes,No,Yes,Yes,Yes,Free,Dinner,Full Bar,Average,Classy,Yes,No,NULL,mccormickandschmicks.com,(312) 923-7226
ZtwFEooLpf9wMv6saSIJrw,Filini,"221 N Columbus Dr, Chicago, IL 60601 Neighborhood: b/t Water St & Lower South Water",186 reviews,3.5 star rating,"Italian,Bars","221 N Columbus Dr, Chicago, IL 60601","Mon 6:30 am 10:00 pm
Tue 6:30 am 10:00 pm
Wed 6:30 am 10:00 pm
Thu 6:30 am 10:00 pm
Fri 6:30 am 10:00 pm
Sat 6:30 am 10:00 pm
Sun 6:30 am 10:00 pm
",No,Yes,Valet,Casual,Yes,$11-30,Yes,No,Yes,NULL,Yes,No,Dinner,Full Bar,Average,Trendy,No,No,NULL,filinichicago.com,(312) 477-0234
wN0qoT6RqL0IUxMf_318rA,Pita Express,"100 W Randolph St, Chicago, IL 60601 Neighborhood: b/t Michigan Ave & Beaubien Ct",77 reviews,4.0 star rating,Mediterranean,"100 W Randolph St, Chicago, IL 60601","Mon 8:00 am 3:00 pm
Tue 8:00 am 3:00 pm
Wed 8:00 am 3:00 pm
Thu 8:00 am 3:00 pm
Fri 8:00 am 3:00 pm
Sat 
Sun 
",Yes,Yes,Garage,Casual,Yes,Under $10,No,No,Yes,NULL,No,No,Lunch,No,Quiet,NULL,No,Yes,NULL,NULL,(312) 422-0422
JLTa7JFqkfv5LRKvELSCdg,The Fat Shallot,"77 W. Adams St., Revival Food Hall Neighborhood: The Loop",8 reviews,5.0 star rating,"Beer, Wine & Spirits,Ice Cream & Frozen Yogurt,Sandwiches","77 W. Adams St., Revival Food Hall",NULL,Yes,Yes,NULL,Casual,Yes,$11-30,No,Yes,Yes,NULL,NULL,NULL,NULL,NULL,NULL,NULL,NULL,NULL,NULL,NULL,NULL
ugSIP2rgLbJobTJIHdd8nA,Market Creations Prudential Plaza,"130 E Randolph St, Chicago, IL 60601 Neighborhood: The Loop",61 reviews,3.5 star rating,"Asian Fusion,Buffets,Dim Sum","130 E Randolph St, Chicago, IL 60601","Mon 6:30 am 3:00 pm
Tue 6:30 am 3:00 pm
Wed 6:30 am 3:00 pm
Thu 6:30 am 3:00 pm
Fri 6:30 am 3:00 pm
Sat 
Sun 
",Yes,Yes,Street,Casual,Yes,Under $10,No,No,Yes,NULL,No,No,Lunch,No,Average,Casual,No,Yes,NULL,marketcreationscafe.com,(312) 540-0085
y1wiz7jtgV1oiYkYlr1xfg,ETA Restaurant + Bar,", Neighborhood: at Illinois St",10 reviews,3.5 star rating,"American (New),Cocktail Bars,Comfort Food",",","Mon 6:30 am 11:00 am 11:30 am 2:30 pm 5:30 pm 9:00 pm
Tue 6:30 am 11:00 am 11:30 am 2:30 pm 5:30 pm 9:00 pm
Wed 6:30 am 11:00 am 11:30 am 2:30 pm 5:30 pm 9:00 pm
Thu 6:30 am 11:00 am 11:30 am 2:30 pm 5:30 pm 9:00 pm
Fri 6:30 am 11:00 am 11:30 am 2:30 pm 5:30 pm 10:00 pm
Sat 7:00 am 2:30 pm 5:30 pm 10:00 pm
Sun 7:00 am 2:30 pm 5:30 pm 10:00 pm
",Yes,Yes,Valet,Casual,Yes,$11-30,Yes,No,Yes,NULL,No,Free,NULL,Full Bar,Quiet,NULL,NULL,NULL,Yes,etarestaurantandbar.com,(312) 840-6605
jPkbsGAke4HMHODgXM0Djg,Bockwinkel’s,"222 N Columbus Dr, Chicago, IL 60601 Neighborhood: b/t Water St & Lower South Water",104 reviews,3.5 star rating,"Grocery,Delis","222 N Columbus Dr, Chicago, IL 60601","Mon 7:00 am 12:00 am
Tue 7:00 am 12:00 am
Wed 7:00 am 12:00 am
Thu 7:00 am 12:00 am
Fri 7:00 am 12:00 am
Sat 7:00 am 12:00 am
Sun 7:00 am 12:00 am
",Yes,Yes,Street,Casual,No,Under $10,No,No,Yes,No,Yes,No,Lunch,Beer & Wine Only,Average,Casual,No,No,Yes,bockwinkels.com,(312) 228-9920
8zq6cLf45IV4vL_Ctasx2A,Sixteen,"401 N Wabash Ave, Chicago, IL 60611 Neighborhood: b/t Kinzie St & Hubbard St",393 reviews,3.5 star rating,"American (New),Breakfast & Brunch,Bars","401 N Wabash Ave, Chicago, IL 60611","Mon 6:30 am 10:00 pm
Tue 6:30 am 10:00 pm
Wed 6:30 am 10:00 pm
Thu 6:30 am 10:00 pm
Fri 6:30 am 10:00 pm
Sat 6:30 am 10:00 pm
Sun 6:30 am 10:00 pm
",No,Yes,Valet,Dressy,Yes,Above $61,Yes,No,No,Yes,Yes,No,NULL,Full Bar,Quiet,"Classy, Upscale",No,No,Yes,sixteenchicago.com,(312) 588-8030
Em3GSPR2REgo6HFEmFkepQ,Market Creations Cafe,", Neighborhood: b/t Madison St & Arcade Pl",6 reviews,5.0 star rating,NULL,",","Mon 6:00 am 9:30 am 11:00 am 2:00 pm
Tue 6:00 am 9:30 am 11:00 am 2:00 pm
Wed 6:00 am 9:30 am 11:00 am 2:00 pm
Thu 6:00 am 9:30 am 11:00 am 2:00 pm
Fri 6:00 am 9:30 am 11:00 am 2:00 pm
Sat 7:00 am 10:00 am
Sun 7:00 am 10:00 am
",NULL,NULL,NULL,NULL,NULL,NULL,NULL,NULL,NULL,No,No,NULL,NULL,NULL,NULL,NULL,NULL,NULL,NULL,marketcreationscafe.com,(312) 877-5344
qY7AHkUtFJC9K6uJFdYwTA,Roti Modern Mediterranean,"80 E Lake St, Chicago, IL 60601 Neighborhood: b/t Dearborn St & Michigan Ave",24 reviews,3.5 star rating,Mediterranean,"80 E Lake St, Chicago, IL 60601","Mon 10:00 am 9:00 pm
Tue 10:00 am 9:00 pm
Wed 10:00 am 9:00 pm
Thu 10:00 am 9:00 pm
Fri 10:00 am 9:00 pm
Sat 11:00 am 8:00 pm
Sun 
",Yes,Yes,Street,Casual,No,Under $10,No,No,Yes,No,Yes,Free,Lunch,Beer & Wine Only,Loud,NULL,No,NULL,Yes,roti.com,(312) 924-9031
jVgAKYcXZph6ILNcVzRzuQ,Nando’s PERi-PERi,"117 E Lake St, Chicago, IL 60601 Neighborhood: b/t Stetson Ave & Beaubien Ct",52 reviews,3.5 star rating,"Portuguese,South African,Chicken Shop","117 E Lake St, Chicago, IL 60601","Mon 11:00 am 10:00 pm
Tue 11:00 am 10:00 pm
Wed 11:00 am 10:00 pm
Thu 11:00 am 10:00 pm
Fri 11:00 am 11:00 pm
Sat 11:00 am 11:00 pm
Sun 11:00 am 10:00 pm
",Yes,Yes,NULL,Casual,Yes,$11-30,No,No,Yes,NULL,Yes,Free,"Lunch, Dinner",Beer & Wine Only,NULL,"Casual, Trendy",No,NULL,NULL,nandosperiperi.com,(312) 729-5340
YnpFjtWh_RCznkhDWKRHAQ,Early Society,"77 W Wacker Dr, Chicago, IL 60601 Neighborhood: b/t Lower Wacker Dr & Michigan Ave",39 reviews,3.0 star rating,"Cocktail Bars,Gastropubs","77 W Wacker Dr, Chicago, IL 60601","Mon 9:00 am 8:00 pm
Tue 9:00 am 8:00 pm
Wed 9:00 am 8:00 pm
Thu 9:00 am 8:00 pm
Fri 9:00 am 8:00 pm
Sat 12:00 pm 12:00 am
Sun 
",No,Yes,NULL,Casual,Yes,$11-30,Yes,Yes,Yes,Yes,Yes,Free,"Breakfast, Lunch",Full Bar,Average,Hipster,Yes,NULL,Yes,earlysociety.com,(312) 631-3991
RTUVUrWF5_PN1Bsugk8--g,City Social,"120 North LaSalle St, Chicago, IL 60602 Neighborhood: The Loop",65 reviews,3.0 star rating,"American (Traditional),Bars","120 North LaSalle St, Chicago, IL 60602",NULL,No,Yes,Street,Casual,Yes,$11-30,Yes,No,Yes,NULL,Yes,Free,Lunch,Full Bar,Very Loud,NULL,Yes,NULL,NULL,citysocialchicago.com,(312) 888-2968
ow4nbP42cVK5zQxiW4D86A,Plymouth Rooftop Bar & Grill,"327 S Plymouth Ct, Chicago, IL 60604 Neighborhood: The Loop",398 reviews,3.0 star rating,"American (Traditional),Bars","327 S Plymouth Ct, Chicago, IL 60604","Mon 11:00 am 12:00 am
Tue 11:00 am 12:00 am
Wed 11:00 am 12:00 am
Thu 11:00 am 12:00 am
Fri 11:00 am 12:00 am
Sat 3:00 pm 12:00 am
Sun 
",No,Yes,"Garage, Street, Validated",Casual,Yes,$11-30,Yes,Yes,Yes,NULL,Yes,No,Dinner,Full Bar,Average,Casual,Yes,NULL,NULL,plymouthgrill.com,(312) 362-1212
ojZ95yYtBVIsTJQpbbSwsw,Noodles & Company,"180 N Michigan Ave, Chicago, IL 60601 Neighborhood: at Lake St",208 reviews,3.0 star rating,Noodles,"180 N Michigan Ave, Chicago, IL 60601","Mon 10:00 am 10:00 pm
Tue 10:00 am 10:00 pm
Wed 10:00 am 10:00 pm
Thu 10:00 am 10:00 pm
Fri 10:00 am 10:00 pm
Sat 11:00 am 10:00 pm
Sun 11:00 am 10:00 pm
",Yes,Yes,Street,Casual,Yes,Under $10,No,No,Yes,No,No,No,Lunch,No,Average,Casual,No,Yes,Yes,noodles.com,(312) 981-7110
KzZFCaXVo68eRa08nvW97Q,Bassment,"353 W Hubbard St, Lower Level Neighborhood: River North, Near North Side",89 reviews,3.5 star rating,"American (New),Cocktail Bars,Music Venues","353 W Hubbard St, Lower Level","Mon 
Tue 
Wed 8:00 pm 2:00 am
Thu 8:00 pm 2:00 am
Fri 8:00 pm 2:00 am
Sat 8:00 pm 3:00 am
Sun 
",No,Yes,"Valet, Street",Casual,Yes,$31-60,Yes,No,No,NULL,NULL,NULL,Late Night,Full Bar,Loud,"Trendy, Intimate",NULL,NULL,Yes,thebassmentchicago.com,(312) 386-5778
3PmkhCIxg8dBZQSvdp83kw,Goddess And The Baker,"225 N Lasalle St, Chicago, IL 60601 Neighborhood: The Loop",214 reviews,3.5 star rating,"Coffee & Tea,Bakeries,Breakfast & Brunch","225 N Lasalle St, Chicago, IL 60601","Mon 7:00 am 8:00 pm
Tue 7:00 am 8:00 pm
Wed 7:00 am 8:00 pm
Thu 7:00 am 8:00 pm
Fri 7:00 am 8:00 pm
Sat 8:00 am 8:00 pm
Sun 8:00 am 6:00 pm
",Yes,Yes,NULL,Casual,Yes,$11-30,No,No,Yes,Yes,No,Free,"Breakfast, Brunch, Lunch",No,Average,"Hipster, Casual, Trendy",No,Yes,NULL,goddessandthebaker.com,(312) 374-3625
MmO-o3OOgfkT4Rvhqi_mxg,Hannah’s Bretzel,"66 West Randolph St, Chicago, IL 60601 Neighborhood: b/t Wabash Ave & Garland Ct",15 reviews,3.5 star rating,Sandwiches,"66 West Randolph St, Chicago, IL 60601",NULL,No,Yes,NULL,Casual,No,$11-30,No,No,Yes,NULL,No,Free,Lunch,NULL,NULL,NULL,Yes,NULL,NULL,NULL,NULL
dOAj9yI4Y5JsBxQX5D6NBQ,Prosecco,"710 N Wells St, Chicago, IL 60654 Neighborhood: River North, Near North Side",578 reviews,4.0 star rating,Italian,"710 N Wells St, Chicago, IL 60654","Mon 11:30 am 9:00 pm
Tue 11:30 am 9:00 pm
Wed 11:30 am 9:00 pm
Thu 11:30 am 10:00 pm
Fri 11:30 am 10:00 pm
Sat 5:00 pm 10:00 pm
Sun 
",No,Yes,"Valet, Street",Dressy,Yes,$31-60,Yes,No,Yes,NULL,Yes,Free,Dinner,Full Bar,Average,"Romantic, Classy",No,No,NULL,prosecco.us.com,(312) 951-9500
xT9OM3wztrQwObecCHpMBA,Benny’s Chop House,"444 N Wabash Ave, Chicago, IL 60611 Neighborhood: b/t Hubbard St & Illinois St",550 reviews,4.0 star rating,"Steakhouses,American (New),Seafood","444 N Wabash Ave, Chicago, IL 60611","Mon 11:30 am 12:00 am
Tue 11:30 am 12:00 am
Wed 11:30 am 12:00 am
Thu 11:30 am 12:00 am
Fri 11:30 am 12:00 am
Sat 11:30 am 12:00 am
Sun 11:30 am 12:00 am
",No,Yes,"Valet, Street",Dressy,Yes,Above $61,Yes,No,Yes,NULL,No,Free,Dinner,Full Bar,Average,"Classy, Upscale",Yes,No,NULL,bennyschophouse.com,(312) 626-2444
21D0_8YEyT7I69iwY6XIlQ,M Burger,"100 W Randolph St, The Atrium Mall Neighborhood: b/t Michigan Ave & Beaubien Ct",102 reviews,3.0 star rating,"Burgers,Fast Food,Ice Cream & Frozen Yogurt","100 W Randolph St, The Atrium Mall","Mon 7:00 am 5:00 pm
Tue 7:00 am 5:00 pm
Wed 7:00 am 5:00 pm
Thu 7:00 am 5:00 pm
Fri 7:00 am 5:00 pm
Sat 
Sun 
",Yes,Yes,NULL,Casual,Yes,Under $10,No,No,Yes,No,No,No,Lunch,No,Average,Casual,No,No,NULL,mburgerchicago.com,(312) 578-1478
L8WtXaZr2EBLUwIJ9zyqUQ,America’s Dog and Burger,"22 E Randolph St, Chicago, IL 60601 Neighborhood: b/t Wabash Ave & State St",196 reviews,3.5 star rating,"Hot Dogs,Salad,Burgers","22 E Randolph St, Chicago, IL 60601","Mon 10:00 am 8:00 pm
Tue 10:00 am 8:00 pm
Wed 10:00 am 8:00 pm
Thu 10:00 am 8:00 pm
Fri 10:00 am 8:00 pm
Sat 10:00 am 8:00 pm
Sun 10:00 am 6:00 pm
",Yes,Yes,NULL,Casual,Yes,Under $10,No,Yes,Yes,No,No,No,Lunch,No,Average,Casual,No,Yes,NULL,adbfresh.com,(312) 345-0100
7a9BG-eTJahBhyhqKqba5w,Vivere,"71 W Monroe St, Chicago, IL 60603 Neighborhood: b/t Wabash Ave & Michigan Ave",120 reviews,3.5 star rating,Italian,"71 W Monroe St, Chicago, IL 60603","Mon 11:30 am 8:30 pm
Tue 11:30 am 8:30 pm
Wed 11:30 am 8:30 pm
Thu 11:30 am 8:30 pm
Fri 5:00 pm 9:00 pm
Sat 4:45 pm 9:00 pm
Sun 
",No,Yes,Valet,Dressy,Yes,$31-60,Yes,No,No,NULL,No,Free,Dinner,Full Bar,Average,NULL,Yes,No,NULL,vivere-chicago.com,(312) 332-7005
wEJLvvg9s_nQwv86hm3sVQ,Seven Bar and Restaurant,"400 E Randolph St, Fl 7 Neighborhood: at Field Blvd",37 reviews,3.0 star rating,"American (Traditional),Pizza,Lounges","400 E Randolph St, Fl 7","Mon 3:00 pm 2:00 am
Tue 3:00 pm 2:00 am
Wed 3:00 pm 2:00 am
Thu 3:00 pm 2:00 am
Fri 3:00 pm 2:00 am
Sat 3:00 pm 2:00 am
Sun 3:00 pm 12:00 am
",Yes,Yes,"Street, Private Lot, Validated",Casual,Yes,$11-30,Yes,Yes,Yes,NULL,No,Free,Late Night,Full Bar,Average,NULL,Yes,Yes,NULL,sevenrestaurant.org,(312) 856-9526
bbJOsnKN0nNkYmnDHOdAwQ,Emerald Loop,"216 N Wabash Ave, Chicago, IL 60601 Neighborhood: b/t Haddock Pl & Lake St",400 reviews,3.5 star rating,"Restaurants,Irish Pub,Sports Bars","216 N Wabash Ave, Chicago, IL 60601","Mon 11:00 am 2:00 pm
Tue 11:00 am 2:00 pm
Wed 11:00 am 2:00 pm
Thu 11:00 am 2:00 pm
Fri 11:00 am 2:00 pm
Sat 9:00 am 3:00 am
Sun 9:00 am 1:00 am
",No,Yes,"Garage, Street",Casual,Yes,$11-30,Yes,Yes,Yes,NULL,Yes,Free,"Lunch, Dinner, Late Night",Full Bar,Average,Casual,Yes,Yes,NULL,emeraldloop.com,(312) 263-0200
TCnRHh40_HxhHj0Xz6XK9A,Pizzeria Due,"619 N Wabash Ave, Chicago, IL 60611 Neighborhood: b/t Ohio St & Ontario St",823 reviews,3.5 star rating,"Pizza,American (Traditional),American (New)","619 N Wabash Ave, Chicago, IL 60611","Mon 11:00 am 1:00 am
Tue 11:00 am 1:00 am
Wed 11:00 am 1:00 am
Thu 11:00 am 1:00 am
Fri 11:00 am 2:00 am
Sat 11:00 am 2:00 am
Sun 11:00 am 1:00 am
",Yes,Yes,"Street, Validated",Casual,Yes,$11-30,Yes,No,Yes,NULL,Yes,Free,"Lunch, Dinner",Full Bar,Average,Casual,Yes,Yes,NULL,762.unos.com/zgrid/proc/site/…,(312) 943-2400
YMSM63ZnGDW2hbb6rvr8kA,O’Briens Riverwalk Cafe,"45 E Riverwalk S, Chicago, IL 60601 Neighborhood: The Loop",151 reviews,2.0 star rating,"American (Traditional),Cafes","45 E Riverwalk S, Chicago, IL 60601","Mon 11:00 am 9:00 pm
Tue 11:00 am 9:00 pm
Wed 11:00 am 9:00 pm
Thu 11:00 am 9:00 pm
Fri 11:00 am 10:00 pm
Sat 9:00 am 10:00 pm
Sun 9:00 am 9:00 pm
",Yes,Yes,NULL,Casual,Yes,$11-30,No,No,No,NULL,Yes,No,Lunch,Full Bar,Average,Casual,No,No,NULL,NULL,(312) 346-3131
kbtisZOD6By-10jvCXgpoA,Corner Bakery Cafe,"360 N Michigan Ave, Chicago, IL 60601 Neighborhood: b/t Lower Wacker Dr & Wacker Dr",138 reviews,3.0 star rating,"Caterers,Breakfast & Brunch,Sandwiches","360 N Michigan Ave, Chicago, IL 60601","Mon 6:30 am 8:30 pm
Tue 6:30 am 8:30 pm
Wed 6:30 am 8:30 pm
Thu 6:30 am 8:30 pm
Fri 6:30 am 8:30 pm
Sat 6:30 am 8:30 pm
Sun 6:30 am 7:00 pm
",Yes,Yes,NULL,Casual,Yes,Under $10,No,No,Yes,Yes,Yes,Free,"Breakfast, Lunch",No,Average,Casual,No,NULL,NULL,NULL,(312) 236-2400
C4vOSg6AWI5PpTlbYViSYg,Jason’s Deli,"195 N Dearborn St, Chicago, IL 60601 Neighborhood: b/t Lake St & Couch Pl",94 reviews,3.5 star rating,"Delis,Sandwiches,Salad","195 N Dearborn St, Chicago, IL 60601","Mon 10:00 am 8:00 pm
Tue 10:00 am 8:00 pm
Wed 10:00 am 8:00 pm
Thu 10:00 am 8:00 pm
Fri 10:00 am 8:00 pm
Sat 
Sun 
",Yes,Yes,Garage,Casual,Yes,Under $10,No,Yes,Yes,Yes,No,Free,Lunch,No,Average,Casual,No,Yes,NULL,jasonsdeli.com,(312) 750-1318
2G_LdsOLFtHhekimlOeRcw,Mezza Mediterranean Grill,"225 N Michigan Ave, Chicago, IL 60601 Neighborhood: b/t Wacker Pl & Lake St",64 reviews,3.5 star rating,Mediterranean,"225 N Michigan Ave, Chicago, IL 60601","Mon 11:00 am 3:00 pm
Tue 11:00 am 3:00 pm
Wed 11:00 am 3:00 pm
Thu 11:00 am 3:00 pm
Fri 11:00 am 3:00 pm
Sat 
Sun 
",Yes,Yes,Garage,Casual,Yes,Under $10,No,No,Yes,NULL,No,No,Lunch,No,Average,Casual,No,Yes,NULL,mezzagrill.com,(312) 729-2884
ltaJDoWtmmcBN2EHbch3oA,Pierrot Gourmet,"108 E Superior St, Peninsula Chicago Hotel Neighborhood: b/t Rush St & Michigan Ave",551 reviews,4.0 star rating,"Coffee & Tea,Desserts,Tapas/Small Plates","108 E Superior St, Peninsula Chicago Hotel","Mon 7:00 am 9:00 pm
Tue 7:00 am 9:00 pm
Wed 7:00 am 9:00 pm
Thu 7:00 am 9:00 pm
Fri 7:00 am 10:00 pm
Sat 7:00 am 10:00 pm
Sun 7:00 am 9:00 pm
",Yes,Yes,Street,Casual,Yes,$11-30,No,No,Yes,NULL,Yes,Free,"Breakfast, Brunch, Lunch, Dessert",Beer & Wine Only,Average,Classy,No,No,NULL,chicago.peninsula.com,(312) 573-6749
3yitAD03_jjcsKgX0ioZBQ,City Rock Korean Kitchen,"100 W Randolph St, Chicago, IL 60601 Neighborhood: b/t Michigan Ave & Beaubien Ct",1 review,4.0 star rating,NULL,"100 W Randolph St, Chicago, IL 60601","Mon 10:00 am 5:00 pm
Tue 10:00 am 5:00 pm
Wed 10:00 am 5:00 pm
Thu 10:00 am 5:00 pm
Fri 10:00 am 5:00 pm
Sat 
Sun 
",NULL,NULL,NULL,NULL,NULL,NULL,NULL,NULL,NULL,NULL,NULL,NULL,NULL,NULL,NULL,NULL,NULL,NULL,NULL,NULL,NULL
aCFgGok-JMpCisy8vt0jbw,The Mid-America Club,"200 E Randolph St, Fl 80 Neighborhood: at Stetson Ave",67 reviews,3.5 star rating,"American (New),Venues & Event Spaces","200 E Randolph St, Fl 80","Mon 7:00 am 5:00 pm
Tue 7:00 am 9:00 pm
Wed 7:00 am 9:00 pm
Thu 7:00 am 9:00 pm
Fri 7:00 am 9:00 pm
Sat 5:00 pm 9:00 pm
Sun 
",No,Yes,Garage,Formal (Jacket Required),Yes,$31-60,Yes,No,No,NULL,No,Free,Dinner,Full Bar,Quiet,Classy,Yes,Yes,Yes,midamclub.com,(312) 861-1100
mieBLLemj2lEtXwchf9psw,West Egg Cafe,"620 N Fairbanks Ct, Chicago, IL 60611 Neighborhood: b/t Ohio St & Ontario St",700 reviews,3.5 star rating,"Sandwiches,Breakfast & Brunch","620 N Fairbanks Ct, Chicago, IL 60611","Mon 6:30 am 3:00 pm
Tue 6:30 am 3:00 pm
Wed 6:30 am 3:00 pm
Thu 6:30 am 3:00 pm
Fri 6:30 am 3:00 pm
Sat 7:00 am 3:00 pm
Sun 7:00 am 3:00 pm
",Yes,Yes,Street,Casual,Yes,$11-30,No,No,Yes,NULL,No,No,"Breakfast, Brunch",No,Average,Casual,No,No,NULL,NULL,(312) 280-8366
PpVx8ZmAPoG0xDlThWBD1A,McDonald’s,"203 N Lasalle St, Chicago, IL 60601 Neighborhood: The Loop",3 reviews,4.5 star rating,"Burgers,Coffee & Tea,Fast Food","203 N Lasalle St, Chicago, IL 60601","Mon 5:00 am 10:00 pm
Tue 5:00 am 10:00 pm
Wed 5:00 am 10:00 pm
Thu 5:00 am 10:00 pm
Fri 5:00 am 11:00 pm
Sat 6:00 am 8:00 pm
Sun 7:00 am 6:00 pm
",Yes,Yes,NULL,Casual,Yes,Under $10,No,No,Yes,NULL,NULL,NULL,NULL,NULL,NULL,NULL,NULL,NULL,NULL,mcdonalds.com,(312) 332-0482
R9jRdYgRsS1oDQdP-DICxA,Panda Express,"180 N Wabash, Chicago, IL 60601 Neighborhood: The Loop",13 reviews,3.0 star rating,"Chinese,Fast Food,Bubble Tea","180 N Wabash, Chicago, IL 60601","Mon 10:30 am 10:00 pm
Tue 10:30 am 10:00 pm
Wed 10:30 am 10:00 pm
Thu 10:30 am 10:00 pm
Fri 10:30 am 10:00 pm
Sat 11:00 am 9:00 pm
Sun 11:00 am 8:00 pm
",Yes,Yes,NULL,Casual,Yes,Under $10,No,No,Yes,No,No,Free,NULL,No,Quiet,NULL,Yes,Yes,NULL,pandaexpress.com,(312) 419-1543
XyMQC5C_EkXDX-2UJxMh5Q,Panda Express,"130 E Randolph, 130 E Randolph St Neighborhood: b/t Stetson Ave & Beaubien Ct",16 reviews,3.5 star rating,"Chinese,Fast Food","130 E Randolph, 130 E Randolph St","Mon 10:00 am 6:00 pm
Tue 10:00 am 6:00 pm
Wed 10:00 am 6:00 pm
Thu 10:00 am 6:00 pm
Fri 10:00 am 6:00 pm
Sat 
Sun 
",Yes,Yes,NULL,Casual,Yes,Under $10,No,No,Yes,NULL,No,No,NULL,No,Average,NULL,No,Yes,NULL,pandaexpress.com,(312) 946-1670
WT00rayjoQYLHqEiG0xpMQ,Burrito Beach,"233 N Michigan Ave, Chicago, IL 60601 Neighborhood: b/t Wacker Pl & Lake St",47 reviews,3.0 star rating,"Fast Food,Mexican","233 N Michigan Ave, Chicago, IL 60601","Mon 7:00 am 3:30 pm
Tue 7:00 am 3:30 pm
Wed 7:00 am 3:30 pm
Thu 7:00 am 3:30 pm
Fri 7:00 am 3:30 pm
Sat 
Sun 
",Yes,Yes,Garage,Casual,No,Under $10,No,No,Yes,NULL,No,No,Lunch,No,Average,Casual,No,Yes,NULL,burritobeach.com,(312) 861-1986
d3vB9xT89ZVfSS6_n-8BWA,Tokyo Lunch Boxes & Catering,"37 N Wells St, Chicago, IL 60606 Neighborhood: The Loop",146 reviews,3.5 star rating,"Sushi Bars,Japanese","37 N Wells St, Chicago, IL 60606","Mon 7:00 am 5:00 pm
Tue 7:00 am 5:00 pm
Wed 7:00 am 5:00 pm
Thu 7:00 am 5:00 pm
Fri 7:00 am 5:00 pm
Sat 
Sun 
",No,Yes,Street,Casual,No,Under $10,No,No,Yes,NULL,No,No,Lunch,No,Average,Casual,No,Yes,NULL,NULL,(312) 551-0797
GJcVSVrqllB6EGOP2Q0y9A,Popeyes Louisiana Kitchen,"159 N Wabash Ave, Chicago, IL 60601 Neighborhood: The Loop",33 reviews,2.0 star rating,"Fast Food,Chicken Wings","159 N Wabash Ave, Chicago, IL 60601","Mon 10:00 am 8:00 pm
Tue 10:00 am 8:00 pm
Wed 10:00 am 8:00 pm
Thu 10:00 am 8:00 pm
Fri 10:00 am 8:00 pm
Sat 10:00 am 8:00 pm
Sun 10:00 am 8:00 pm
",Yes,Yes,NULL,Casual,Yes,Under $10,No,No,Yes,NULL,No,No,NULL,No,Average,Casual,No,No,NULL,popeyes.com,(312) 807-3890
7FNu-uITDfg-IdCEfF239A,Just Salad,", Neighborhood: b/t Grand Ave & Illinois St",28 reviews,4.5 star rating,"Salad,Juice Bars & Smoothies,Wraps",",","Mon 10:30 am 7:00 pm
Tue 10:30 am 7:00 pm
Wed 10:30 am 7:00 pm
Thu 10:30 am 7:00 pm
Fri 10:30 am 7:00 pm
Sat 10:30 am 7:00 pm
Sun 10:30 am 5:00 pm
",Yes,Yes,NULL,Casual,Yes,Under $10,No,No,Yes,No,No,No,NULL,No,NULL,NULL,No,NULL,NULL,justsalad.com/locations,(212) 244-1111
EXmkYu2dhGQjydFv23b-_A,Bottled Blonde Chicago,"504 N Wells St, Chicago, IL 60654 Neighborhood: River North, Near North Side",260 reviews,2.5 star rating,"Pizza,Beer Gardens,Cocktail Bars","504 N Wells St, Chicago, IL 60654","Mon 11:30 am 2:00 am
Tue 11:30 am 2:00 am
Wed 11:30 am 2:00 am
Thu 11:30 am 2:00 am
Fri 11:30 am 2:00 am
Sat 11:00 am 3:00 am
Sun 11:00 am 12:00 am
",No,Yes,Street,Casual,Yes,$11-30,Yes,No,No,NULL,NULL,NULL,Late Night,Full Bar,Loud,Casual,NULL,NULL,Yes,bottledblondechi.com,(312) 982-7640
VP2cA_5oLsuF56CkenjphA,Gold Coast Dogs,"159 N Wabash Ave, Chicago, IL 60601 Neighborhood: The Loop",122 reviews,2.5 star rating,"Hot Dogs,Burgers","159 N Wabash Ave, Chicago, IL 60601","Mon 9:00 am 9:00 pm
Tue 9:00 am 9:00 pm
Wed 9:00 am 9:00 pm
Thu 9:00 am 9:00 pm
Fri 9:00 am 9:00 pm
Sat 9:00 am 8:00 pm
Sun 9:00 am 6:30 pm
",Yes,Yes,Street,Casual,No,Under $10,No,No,Yes,NULL,No,No,Lunch,NULL,Average,Divey,No,No,NULL,goldcoastdogs.net,(312) 917-1677
zmbJlWwAn1B2nCKq16Q-1A,Taco Bell,"100 West Randolph St, Chicago, IL 60601 Neighborhood: b/t Michigan Ave & Beaubien Ct",10 reviews,3.0 star rating,"Fast Food,Tex-Mex,Mexican","100 West Randolph St, Chicago, IL 60601","Mon 6:30 am 5:30 pm
Tue 6:30 am 5:30 pm
Wed 6:30 am 5:30 pm
Thu 6:30 am 5:30 pm
Fri 6:30 am 5:30 pm
Sat 5:30 am 5:30 pm
Sun 5:30 am 5:30 pm
",Yes,Yes,NULL,Casual,Yes,Under $10,No,No,Yes,No,No,No,Lunch,No,Average,NULL,No,No,NULL,tacobell.com,(312) 630-0342
MzjKf76J5G3nJaW1FG2DGg,McDonald’s,"233 N Michigan, Chicago, IL 60601 Neighborhood: b/t Wacker Pl & Lake St",15 reviews,2.5 star rating,"Burgers,Fast Food,Coffee & Tea","233 N Michigan, Chicago, IL 60601","Mon 6:00 am 7:00 pm
Tue 6:00 am 7:00 pm
Wed 6:00 am 7:00 pm
Thu 6:00 am 7:00 pm
Fri 6:00 am 7:00 pm
Sat 7:00 am 3:00 pm
Sun 
",Yes,Yes,NULL,Casual,Yes,Under $10,No,No,Yes,No,No,Free,Breakfast,No,Loud,NULL,No,No,NULL,mcdonalds.com,(312) 540-0721
i1hvnxiwBa8hvG-tPH-FWQ,Tokyo Lunchbox,"111 E Wacker Dr, Chicago, IL 60601 Neighborhood: b/t Water St & Michigan Ave",29 reviews,3.5 star rating,Japanese,"111 E Wacker Dr, Chicago, IL 60601","Mon 7:00 am 4:00 pm
Tue 7:00 am 4:00 pm
Wed 7:00 am 4:00 pm
Thu 7:00 am 4:00 pm
Fri 
Sat 
Sun 
",Yes,Yes,NULL,Casual,No,$11-30,No,No,Yes,NULL,No,No,NULL,No,Average,Divey,No,Yes,NULL,tokyolunchboxncatering.com,(312) 938-4450
p9su7Q61mmgleauIr1kysw,Great Street,"1 West Wacker, Chicago, IL 60601 Neighborhood: at Wabash Ave",35 reviews,3.0 star rating,American (New),"1 West Wacker, Chicago, IL 60601","Mon 6:30 am 1:00 pm
Tue 6:30 am 1:00 pm
Wed 6:30 am 1:00 pm
Thu 6:30 am 1:00 pm
Fri 6:30 am 1:00 pm
Sat 7:00 am 1:00 pm
Sun 7:00 am 1:00 pm
",Yes,Yes,"Valet, Garage",Casual,Yes,$11-30,Yes,No,No,NULL,No,No,NULL,Full Bar,Average,Classy,No,No,NULL,marriott.com/hotel-restaurant…,(312) 795-3333
ayPQMVS3wOXBJecg7O7rAA,Maxwell’s at the Club,"500 N Kingsbury St, Chicago, IL 60654 Neighborhood: River North, Near North Side",31 reviews,4.0 star rating,American (New),"500 N Kingsbury St, Chicago, IL 60654","Mon 3:30 pm 9:30 pm
Tue 3:30 pm 9:30 pm
Wed 3:30 pm 9:30 pm
Thu 3:30 pm 9:30 pm
Fri 3:30 pm 9:30 pm
Sat 
Sun 
",Yes,Yes,Garage,Casual,Yes,$11-30,Yes,No,Yes,NULL,No,Free,NULL,Full Bar,Average,Classy,Yes,Yes,NULL,eastbankclub.com/dining/maxwe…,(312) 527-5800
uL3phb2bDosPvpUk_qbnOw,Bake For Me,"303 East Wacker Dr, Chicago, IL 60601 Neighborhood: b/t Columbus Dr & Field Blvd",4 reviews,4.0 star rating,"Cafes,Bakeries,Desserts","303 East Wacker Dr, Chicago, IL 60601","Mon 7:00 am 3:00 pm
Tue 7:00 am 3:00 pm
Wed 7:00 am 3:00 pm
Thu 7:00 am 3:00 pm
Fri 7:00 am 3:00 pm
Sat 
Sun 
",Yes,Yes,NULL,Casual,Yes,Under $10,No,Yes,Yes,NULL,No,Free,NULL,NULL,NULL,NULL,NULL,Yes,NULL,bakeforme.com,(312) 228-9676
j4Hfca8T_8YbrLIPL-2ylw,Market Thyme,"Aon Ctr, 200 E Randolph Neighborhood: The Loop",24 reviews,3.5 star rating,"American (New),Asian Fusion,Buffets","Aon Ctr, 200 E Randolph","Mon 7:00 am 3:00 pm
Tue 7:00 am 3:00 pm
Wed 7:00 am 3:00 pm 4:00 pm 8:00 pm
Thu 7:00 am 3:00 pm 4:00 pm 8:00 pm
Fri 7:00 am 3:00 pm 4:00 pm 8:00 pm
Sat 
Sun 
",Yes,Yes,NULL,Casual,Yes,$11-30,No,No,Yes,NULL,No,No,Lunch,Full Bar,Loud,Casual,Yes,Yes,NULL,marketthyme.com,(312) 228-4361
bUHP4CdMbiLho7-NLYh2ug,1901 At AceBounce,"230 N Clark St, Chicago, IL 60601 Neighborhood: b/t Haddock Pl & Wacker Dr",5 reviews,3.5 star rating,"American (New),Asian Fusion,Bars","230 N Clark St, Chicago, IL 60601","Mon 4:00 pm 12:00 am
Tue 4:00 pm 12:00 am
Wed 4:00 pm 12:00 am
Thu 4:00 pm 12:00 am
Fri 12:00 pm 1:00 am
Sat 12:00 pm 1:00 am
Sun 12:00 pm 9:00 pm
",Yes,Yes,"Valet, Garage, Street",Casual,Yes,$11-30,Yes,No,No,Yes,No,Free,NULL,Full Bar,NULL,NULL,Yes,No,Yes,acebounce.com/1901-restaurant,(773) 219-0901
pkc8oSE8lSEGFvXla1J_Vg,La Pizza & La Pasta,", Neighborhood: b/t Wabash Ave & Rush St",47 reviews,3.5 star rating,"Italian,Pizza",",",NULL,Yes,Yes,NULL,Casual,Yes,$11-30,Yes,No,Yes,Yes,No,No,"Lunch, Dinner",Beer & Wine Only,Very Loud,NULL,No,No,NULL,NULL,(312) 521-8700
AYDcHE3EgOmA1DR578CCwA,Bacci Pizzeria,"162 North Franklin St, Elmhurst Neighborhood: The Loop",38 reviews,2.5 star rating,Pizza,"162 North Franklin St, Elmhurst","Mon 9:00 am 3:00 pm
Tue 9:00 am 3:00 pm
Wed 9:00 am 3:00 pm
Thu 9:00 am 3:00 pm
Fri 9:00 am 3:00 pm
Sat 
Sun 
",Yes,Yes,NULL,Casual,Yes,Under $10,No,No,Yes,No,No,No,Lunch,No,Average,Casual,Yes,NULL,No,baccipizza.com,(312) 578-1700
3EZJnLh_kOKvNCQg21I_4g,Caffecafe,"1 E Wacker Dr, Chicago, IL 60601 Neighborhood: at Wabash Ave",31 reviews,3.0 star rating,"Coffee & Tea,Bagels,Breakfast & Brunch","1 E Wacker Dr, Chicago, IL 60601","Mon 6:00 am 5:30 pm
Tue 6:00 am 5:30 pm
Wed 6:00 am 5:30 pm
Thu 6:00 am 5:30 pm
Fri 6:00 am 5:30 pm
Sat 
Sun 
",Yes,Yes,Street,Casual,Yes,Under $10,No,Yes,Yes,NULL,Yes,Free,NULL,No,Quiet,Casual,No,Yes,NULL,caffecafechicago.com,(312) 644-2233
RlbsLKwnnSbf5hwOGko3Rg,Cyrano’s Cafe On The River,"233 E Lower Wacker Dr, Chicago, IL 60601 Neighborhood: The Loop",93 reviews,2.5 star rating,"American (New),French,Wine Bars","233 E Lower Wacker Dr, Chicago, IL 60601","Mon 11:00 am 10:00 pm
Tue 11:00 am 10:00 pm
Wed 11:00 am 10:00 pm
Thu 11:00 am 10:00 pm
Fri 11:00 am 10:00 pm
Sat 11:00 am 10:00 pm
Sun 11:00 am 10:00 pm
",Yes,Yes,NULL,Casual,Yes,$11-30,No,No,No,NULL,Yes,No,NULL,Full Bar,Average,Casual,No,No,NULL,cyranoscafeontheriver.com,(312) 616-1400
kXBG_G7Zt_CXNG0043JuQw,Panda Express,"100 W Randolph C17, Chicago, IL 60601 Neighborhood: The Loop",16 reviews,3.0 star rating,"Chinese,Fast Food","100 W Randolph C17, Chicago, IL 60601","Mon 10:00 am 5:30 pm
Tue 10:00 am 5:30 pm
Wed 10:00 am 5:30 pm
Thu 10:00 am 5:30 pm
Fri 10:00 am 5:30 pm
Sat 
Sun 
",Yes,Yes,NULL,Casual,Yes,Under $10,No,No,Yes,NULL,No,No,Lunch,No,Average,NULL,No,No,NULL,pandaexpress.com,(312) 201-8790
S7p_Q0gcyTp3IPKJX8H9fw,Jaffa Bagels,"225 N Michigan Ave, Chicago, IL 60601 Neighborhood: b/t Wacker Pl & Lake St",129 reviews,3.5 star rating,"Bagels,Juice Bars & Smoothies,Falafel","225 N Michigan Ave, Chicago, IL 60601","Mon 6:30 am 3:00 pm
Tue 6:30 am 3:00 pm
Wed 6:30 am 3:00 pm
Thu 6:30 am 3:00 pm
Fri 6:30 am 3:00 pm
Sat 
Sun 
",Yes,Yes,Garage,Casual,Yes,Under $10,No,Yes,NULL,NULL,NULL,No,NULL,NULL,Average,NULL,NULL,NULL,NULL,jaffabagelchicago.com,(312) 565-1267
i_8xMxH_Ftp4E197CxUUfQ,Au Bon Pain,"200 E Randolph St, Chicago, IL 60601 Neighborhood: at Stetson Ave",59 reviews,3.0 star rating,"Sandwiches,Bakeries","200 E Randolph St, Chicago, IL 60601","Mon 6:00 am 6:00 pm
Tue 6:00 am 6:00 pm
Wed 6:00 am 6:00 pm
Thu 6:00 am 6:00 pm
Fri 6:00 am 6:00 pm
Sat 
Sun 
",Yes,Yes,Street,Casual,Yes,Under $10,No,No,Yes,NULL,No,Free,NULL,No,Average,Casual,No,Yes,NULL,aubonpain.com,(312) 616-9249
S5Bk20D67MWN1oiotHWcSg,Halsted Street Deli,"233 N Michigan Ave, Chicago, IL 60601 Neighborhood: b/t Lake St & Wacker Pl",54 reviews,3.0 star rating,Delis,"233 N Michigan Ave, Chicago, IL 60601","Mon 6:30 am 4:00 pm
Tue 6:30 am 4:00 pm
Wed 6:30 am 4:00 pm
Thu 6:30 am 4:00 pm
Fri 6:30 am 4:00 pm
Sat 
Sun 
",Yes,Yes,NULL,Casual,Yes,Under $10,No,No,Yes,NULL,No,No,Lunch,No,Average,NULL,Yes,Yes,NULL,halstedstreetdeli.com,(312) 819-0900
a317xEkl5kCEYZsShKqYwQ,Subway,"333 E Benton Pl, Lakeshore East Village Market Neighborhood: The Loop",4 reviews,3.5 star rating,"Fast Food,Sandwiches","333 E Benton Pl, Lakeshore East Village Market","Mon 7:00 am 11:00 pm
Tue 7:00 am 11:00 pm
Wed 7:00 am 11:00 pm
Thu 7:00 am 11:00 pm
Fri 7:00 am 11:00 pm
Sat 7:00 am 11:00 pm
Sun 7:00 pm 11:00 pm
",Yes,Yes,Garage,Casual,Yes,Under $10,Yes,Yes,Yes,NULL,No,Free,NULL,No,Quiet,NULL,Yes,Yes,Yes,subway.com,(312) 448-8084
C1jisbdUuAzk2rOoyRepFw,Burger King,"151 N Michigan Ave, Chicago, IL 60601 Neighborhood: at Randolph St",8 reviews,1.5 star rating,"Fast Food,Burgers","151 N Michigan Ave, Chicago, IL 60601","Mon 6:00 am 12:00 am
Tue 6:00 am 12:00 am
Wed 6:00 am 12:00 am
Thu 6:00 am 12:00 am
Fri 6:00 am 12:00 am
Sat 6:00 am 12:00 am
Sun 7:00 am 12:00 am
",Yes,Yes,NULL,Casual,No,Under $10,No,No,Yes,NULL,No,No,NULL,No,Average,NULL,Yes,No,NULL,bk.com,(312) 526-3064
qwUCLvnZLsa7qyMqFsGQ3A,Pinkys,"100 W Randolph Dr, Chicago, IL 60601 Neighborhood: b/t Michigan Ave & Beaubien Ct",26 reviews,2.5 star rating,"Burgers,Breakfast & Brunch","100 W Randolph Dr, Chicago, IL 60601",NULL,Yes,Yes,Garage,Casual,Yes,Under $10,No,No,Yes,No,No,Free,NULL,No,Average,NULL,No,NULL,NULL,pinkys.net/thompsoncenterloca…,(312) 372-4472
0lDrCk-haGBAZZeTtLwulw,Sopraffina Market Caffe,"111 E Wacker Dr, One Illinois Ctr Neighborhood: b/t Water St & Michigan Ave",39 reviews,3.5 star rating,"Italian,Sandwiches,Salad","111 E Wacker Dr, One Illinois Ctr","Mon 6:30 am 3:00 pm
Tue 6:30 am 3:00 pm
Wed 6:30 am 3:00 pm
Thu 6:30 am 3:00 pm
Fri 6:30 am 3:00 pm
Sat 
Sun 
",No,Yes,NULL,Casual,No,$11-30,No,Yes,Yes,NULL,No,No,Lunch,No,Very Loud,Casual,No,Yes,NULL,sopraffina.com,(312) 861-0200
UiJwliYzVMk55Ivhw3oq7A,Freshii,"200 E Randolph Dr, Ste No LL03 Neighborhood: at Stetson Ave",20 reviews,2.5 star rating,"Fast Food,Vegan,Juice Bars & Smoothies","200 E Randolph Dr, Ste No LL03","Mon 7:00 am 5:00 pm
Tue 7:00 am 5:00 pm
Wed 7:00 am 5:00 pm
Thu 7:00 am 5:00 pm
Fri 7:00 am 3:00 pm
Sat 
Sun 
",Yes,Yes,NULL,Casual,No,$11-30,No,Yes,Yes,No,No,No,"Breakfast, Lunch",No,Average,NULL,No,Yes,Yes,freshii.com,(312) 233-3399
y3zmRXGAUH9MBo3JdjD68g,Jimmy John’s,"180 N La Salle St, Ste 372 Neighborhood: b/t Lake St & Couch Pl",22 reviews,3.0 star rating,Sandwiches,"180 N La Salle St, Ste 372",NULL,Yes,Yes,Street,Casual,No,Under $10,No,Yes,Yes,NULL,Yes,No,NULL,No,Quiet,NULL,No,Yes,NULL,jimmyjohns.com,(312) 422-0000
7eUkL4_LbrnQyfnlLBspAg,Erie Street Bistro,"101 E Erie St, Fl 14 Neighborhood: b/t Rush St & Michigan Ave",2 reviews,3.5 star rating,Cafes,"101 E Erie St, Fl 14",NULL,NULL,No,NULL,NULL,NULL,Under $10,NULL,NULL,NULL,NULL,NULL,NULL,NULL,NULL,NULL,NULL,NULL,NULL,NULL,NULL,NULL
NAPOkyya6hD994iNNbf2lg,Halsted Street Deli,"233 North Michigan Ave, Pedway Neighborhood: b/t Wacker Pl & Lake St",1 review,5.0 star rating,NULL,"233 North Michigan Ave, Pedway",NULL,NULL,NULL,NULL,NULL,NULL,NULL,NULL,NULL,NULL,NULL,NULL,NULL,NULL,NULL,NULL,NULL,NULL,NULL,NULL,halstedstreetdeli.com,(312) 819-0900
wg6-eFA6INTHP9oe75IsnA,Ruchi,"151 N Michigan Ave, Chicago, IL 60601 Neighborhood: at Randolph St",10 reviews,2.5 star rating,"Pizza,Middle Eastern,Indian","151 N Michigan Ave, Chicago, IL 60601","Mon 6:30 am 7:30 pm
Tue 6:30 am 7:30 pm
Wed 6:30 am 7:30 pm
Thu 6:30 am 7:30 pm
Fri 6:30 am 7:30 pm
Sat 8:00 am 7:00 pm
Sun 
",Yes,Yes,NULL,Casual,Yes,Under $10,No,No,Yes,NULL,NULL,NULL,NULL,NULL,NULL,NULL,No,NULL,NULL,ruchichicago.com,(312) 624-8547
0jQB40_EoCL5a5PtnGzAjQ,Jimmy John’s,"205 E Ohio St, Chicago, IL 60611 Neighborhood: b/t St Clair St & Fairbanks Ct",44 reviews,3.5 star rating,Sandwiches,"205 E Ohio St, Chicago, IL 60611","Mon 10:00 am 9:00 pm
Tue 10:00 am 9:00 pm
Wed 10:00 am 9:00 pm
Thu 10:00 am 9:00 pm
Fri 10:00 am 9:00 pm
Sat 10:00 am 9:00 pm
Sun 10:00 am 9:00 pm
",Yes,Yes,NULL,Casual,Yes,Under $10,No,Yes,Yes,NULL,No,No,Lunch,No,Average,Casual,No,Yes,NULL,jimmyjohns.com,(312) 245-0010
XrLlRI0PAFX8H81tyKyl1Q,Freshii,"233 North Michigan Ave, Chicago, IL 60601 Neighborhood: b/t Wacker Pl & Lake St",3 reviews,2.5 star rating,NULL,"233 North Michigan Ave, Chicago, IL 60601","Mon 7:00 am 7:00 pm
Tue 7:00 am 7:00 pm
Wed 7:00 am 7:00 pm
Thu 7:00 am 7:00 pm
Fri 7:00 am 7:00 pm
Sat 10:00 am 7:00 pm
Sun 7:00 am 7:00 pm
",No,Yes,NULL,NULL,No,NULL,NULL,NULL,Yes,NULL,NULL,NULL,NULL,NULL,NULL,NULL,NULL,NULL,NULL,freshii.com,(312) 344-1178
jxuH7pXBRP2AeYl3iZVM7g,Pret A Manger,"225 North Michigan Avenue, Chicago, IL 60601 Neighborhood: b/t Wacker Pl & Lake St",37 reviews,3.5 star rating,"Sandwiches,Coffee & Tea,Breakfast & Brunch","225 North Michigan Avenue, Chicago, IL 60601","Mon 7:00 am 7:00 pm
Tue 7:00 am 7:00 pm
Wed 7:00 am 7:00 pm
Thu 7:00 am 7:00 pm
Fri 7:00 am 7:00 pm
Sat 
Sun 
",Yes,Yes,NULL,Casual,Yes,$11-30,No,No,Yes,NULL,No,No,NULL,No,Average,Casual,No,NULL,NULL,pret.com/us,(312) 819-3298
_UbTkXQ_ZL-ruBUS40iGew,Armand’s Pizzeria,"151 E Michigan Ave, Millennium Station Neighborhood: at Randolph St",8 reviews,2.0 star rating,Pizza,"151 E Michigan Ave, Millennium Station","Mon 8:00 am 8:00 pm
Tue 8:00 am 8:00 pm
Wed 8:00 am 8:00 pm
Thu 8:00 am 8:00 pm
Fri 8:00 am 8:00 pm
Sat 8:00 am 8:00 pm
Sun 8:00 am 8:00 pm
",Yes,Yes,NULL,Casual,No,Under $10,No,No,Yes,NULL,No,NULL,NULL,NULL,NULL,NULL,No,NULL,NULL,armandspizzeriaexpress.com,(312) 624-8547
eIWuUdgpFnvqBATlYL4Y5w,Subway,"201 N Clark, Chicago, IL 60601 Neighborhood: b/t Haddock Pl & Lake St",8 reviews,4.0 star rating,"Sandwiches,Fast Food","201 N Clark, Chicago, IL 60601",NULL,Yes,Yes,NULL,Casual,Yes,Under $10,No,No,Yes,NULL,No,NULL,NULL,No,Average,NULL,No,No,NULL,subway.com,(312) 853-0995
ldE5fPOlluaVIOVRA4aVUw,Krishna Lunch,"300 E Randolph St, Chicago, IL 60601 Neighborhood: at Columbus Dr",1 review,5.0 star rating,NULL,"300 E Randolph St, Chicago, IL 60601",NULL,NULL,NULL,NULL,NULL,NULL,NULL,NULL,NULL,NULL,NULL,NULL,NULL,NULL,NULL,NULL,NULL,NULL,NULL,NULL,iskconchicago.com/krishna-lun…,(773) 973-0900
pdZe5vmQmWGIbaOU0jangA,Tokyo Lunchbox,"100 W Randolph St, Chicago, IL 60601 Neighborhood: b/t Michigan Ave & Beaubien Ct",11 reviews,2.5 star rating,"Sushi Bars,Japanese,Soup","100 W Randolph St, Chicago, IL 60601",NULL,No,Yes,NULL,Casual,No,Under $10,No,No,Yes,NULL,No,No,NULL,No,NULL,NULL,Yes,NULL,NULL,NULL,NULL
sK3sE_f8tpuFlpYc2IacNg,Harvest,"540 N Michigan Avenue, Chicago, IL 60611 Neighborhood: b/t Ohio St & Grand Ave",36 reviews,3.5 star rating,Restaurants,"540 N Michigan Avenue, Chicago, IL 60611","Mon 6:30 am 2:00 pm 5:30 pm 9:30 pm
Tue 6:30 am 2:00 pm 5:30 pm 9:30 pm
Wed 6:30 am 2:00 pm 5:30 pm 9:30 pm
Thu 6:30 am 2:00 pm 5:30 pm 9:30 pm
Fri 6:30 am 2:00 pm 5:30 pm 9:30 pm
Sat 7:00 am 2:00 pm 5:30 pm 9:30 pm
Sun 7:00 am 2:00 pm 5:30 pm 9:30 pm
",Yes,Yes,NULL,Casual,Yes,$11-30,Yes,No,Yes,Yes,No,No,Breakfast,Full Bar,Quiet,NULL,Yes,NULL,NULL,marriott.com/hotel-restaurant…,(312) 836-6334
se1nR8pwmwRgNY67dl2zdQ,Corner Bakery Cafe,"200 N La Salle St, Ste 100 Neighborhood: b/t Haddock Pl & Lake St",46 reviews,2.5 star rating,"Breakfast & Brunch,Cafes","200 N La Salle St, Ste 100","Mon 6:00 am 5:00 pm
Tue 6:00 am 5:00 pm
Wed 6:00 am 5:00 pm
Thu 6:00 am 5:00 pm
Fri 6:00 am 5:00 pm
Sat 
Sun 
",Yes,Yes,Street,Casual,Yes,Under $10,No,Yes,Yes,Yes,Yes,Free,NULL,No,Average,NULL,No,Yes,NULL,cornerbakerycafe.com/home.aspx,(312) 726-7244
FdvDkic01XqyXwEJkC8tBg,Halsted Street Deli,"222 N La Salle St, Chicago, IL 60601 Neighborhood: b/t Haddock Pl & Lasalle St",26 reviews,3.0 star rating,Delis,"222 N La Salle St, Chicago, IL 60601","Mon 7:00 am 2:30 pm
Tue 7:00 am 2:30 pm
Wed 7:00 am 2:30 pm
Thu 7:00 am 2:30 pm
Fri 7:00 am 2:30 pm
Sat 
Sun 
",Yes,Yes,Street,Casual,Yes,Under $10,No,No,Yes,NULL,No,NULL,NULL,No,Average,NULL,Yes,Yes,NULL,NULL,(312) 658-0810
3qukRpTUgyEdNof2iPZU6g,Geneva Restaurant,"323 East Upper Wacker Drive, Chicago, IL 60601 Neighborhood: The Loop",10 reviews,3.0 star rating,Breakfast & Brunch,"323 East Upper Wacker Drive, Chicago, IL 60601","Mon 6:00 am 11:00 am
Tue 6:00 am 11:00 am
Wed 6:00 am 11:00 am
Thu 6:00 am 11:00 am
Fri 6:00 am 11:00 am
Sat 6:00 am 12:00 pm
Sun 6:00 am 12:00 pm
",Yes,Yes,NULL,NULL,Yes,$11-30,NULL,NULL,Yes,NULL,NULL,NULL,NULL,NULL,NULL,NULL,NULL,NULL,NULL,swissotel.com,(312) 268-0140
wOMGsjOlA16LrZsjaeUaMw,Subway,"185 N Wabash Ave, Chicago, IL 60601 Neighborhood: The Loop",10 reviews,2.5 star rating,"Sandwiches,Fast Food","185 N Wabash Ave, Chicago, IL 60601",NULL,No,Yes,NULL,Casual,Yes,Under $10,No,No,Yes,NULL,No,No,NULL,No,Quiet,NULL,No,Yes,NULL,subway.com,(312) 578-1190
Si9Z9JR__7j-96M4jrbkVA,Sbarro,"195 N Dearborn St, Chicago, IL 60601 Neighborhood: b/t Couch Pl & Lake St",3 reviews,2.5 star rating,NULL,"195 N Dearborn St, Chicago, IL 60601",NULL,NULL,Yes,NULL,NULL,Yes,NULL,NULL,NULL,Yes,NULL,NULL,No,NULL,NULL,NULL,NULL,NULL,NULL,NULL,sbarro.com,(312) 263-3334
9IHXW2vB6KzGJFsKTLmdBg,Sbarro,"100 W Randolph St, Chicago, IL 60601 Neighborhood: b/t Michigan Ave & Beaubien Ct",14 reviews,2.5 star rating,"Pizza,Italian,Breakfast & Brunch","100 W Randolph St, Chicago, IL 60601","Mon 6:00 am 5:00 pm
Tue 6:00 am 5:00 pm
Wed 6:00 am 5:00 pm
Thu 6:00 am 5:00 pm
Fri 6:00 am 5:00 pm
Sat 
Sun 
Wed 7/4/2018 
Mon 9/3/2018 
Mon 10/8/2018 
Thu 11/22/2018 
",Yes,Yes,NULL,Casual,Yes,$11-30,No,No,Yes,No,No,No,Lunch,No,Very Loud,NULL,No,No,NULL,sbarro.com,(312) 263-8615
XZqD6_ANZH_0JRtC5vFHqg,Marcello’s Market & Deli,"100 W Randolph St, Chicago, IL 60601 Neighborhood: b/t Michigan Ave & Beaubien Ct",6 reviews,3.0 star rating,Delis,"100 W Randolph St, Chicago, IL 60601",NULL,Yes,Yes,NULL,Casual,Yes,$11-30,No,No,Yes,No,No,Free,NULL,No,Average,NULL,No,No,NULL,NULL,NULL
GCBnAGTdQdHXuVfXpmAQXQ,Alonti Cafe,"225 N Michigan Ave, Chicago, IL 60601 Neighborhood: b/t Lake St & Wacker Pl",6 reviews,3.5 star rating,Delis,"225 N Michigan Ave, Chicago, IL 60601",NULL,NULL,Yes,NULL,Casual,No,Under $10,No,No,Yes,NULL,NULL,NULL,NULL,NULL,NULL,NULL,NULL,NULL,NULL,alonti.com,(312) 240-0349
iHubZXCGbYdw16TvfU5GKg,Vista Carry Out,"233 N Michigan Ave, Chicago, IL 60601 Neighborhood: b/t Lake St & Wacker Pl",20 reviews,2.5 star rating,Italian,"233 N Michigan Ave, Chicago, IL 60601",NULL,Yes,Yes,NULL,Casual,No,Under $10,No,No,Yes,NULL,No,No,NULL,No,NULL,NULL,No,NULL,NULL,NULL,(312) 565-0312
TXdK4HquUwcaFUlcAS0_YQ,McDonald’s,"36 W Randolph, Chicago, IL 60601 Neighborhood: b/t Wabash Ave & State St",36 reviews,2.0 star rating,"Fast Food,Burgers,Coffee & Tea","36 W Randolph, Chicago, IL 60601","Mon 5:00 am 11:00 pm
Tue 5:00 am 11:00 pm
Wed 5:00 am 11:00 pm
Thu 5:00 am 11:00 pm
Fri 5:00 am 12:00 am
Sat 6:00 am 12:00 am
Sun 6:00 am 11:00 pm
",Yes,Yes,Street,Casual,Yes,Under $10,No,No,Yes,NULL,No,Free,"Breakfast, Lunch",No,Average,Casual,No,No,NULL,mcdonalds.com,(312) 759-2128
2e3Wx03v8qgvDghVgymmPA,Subway,"150 N Michigan Ave, Ste C42 Neighborhood: at Randolph St",2 reviews,4.0 star rating,NULL,"150 N Michigan Ave, Ste C42",NULL,Yes,NULL,NULL,NULL,Yes,NULL,No,No,Yes,No,No,NULL,NULL,NULL,NULL,NULL,NULL,NULL,NULL,subway.com,(312) 861-0922
5AfHTvp-T9JwHBJ1gupJ2A,KFC,"100 W Randolph, James R. Thompson Center, Great State Fare Food Court Neighborhood: b/t Michigan Ave & Beaubien Ct",14 reviews,1.5 star rating,"Fast Food,Chicken Wings","100 W Randolph, James R. Thompson Center, Great State Fare Food Court",NULL,No,Yes,NULL,Casual,No,Under $10,No,No,Yes,NULL,No,No,NULL,No,Average,NULL,NULL,No,NULL,kfc.com,(312) 630-0342
l-BMWMnj56OxQ55DioQO-Q,Typhoon Cafe,"211 N Stetson Ave, Chicago, IL 60601 Neighborhood: b/t Lake St & Water St",6 reviews,2.5 star rating,Japanese,"211 N Stetson Ave, Chicago, IL 60601",NULL,NULL,Yes,NULL,NULL,NULL,$11-30,NULL,NULL,NULL,NULL,NULL,NULL,NULL,NULL,NULL,NULL,NULL,NULL,NULL,NULL,(312) 861-0861
bf_79e2de-IV0IpgXt8sRQ,Atrium at the Thompson Center,"100 W Randolph St, Chicago, IL 60601 Neighborhood: The Loop",5 reviews,3.5 star rating,"Shopping,Restaurants","100 W Randolph St, Chicago, IL 60601","Mon 6:30 am 6:00 pm
Tue 6:30 am 6:00 pm
Wed 6:30 am 6:00 pm
Thu 6:30 am 6:00 pm
Fri 6:30 am 6:00 pm
Sat 
Sun 
",Yes,Yes,Garage,NULL,NULL,$11-30,No,No,Yes,NULL,No,Free,NULL,No,Average,NULL,No,No,NULL,theatriumchicago.com,(312) 346-0777
kwOMEjfgPBlcBbdjh58WMA,Burger King Express,"100 W Randolph Dr, Chicago, IL 60601 Neighborhood: b/t Michigan Ave & Beaubien Ct",9 reviews,2.0 star rating,Burgers,"100 W Randolph Dr, Chicago, IL 60601",NULL,Yes,Yes,NULL,Casual,Yes,Under $10,No,No,Yes,NULL,No,No,NULL,No,Very Loud,NULL,No,No,NULL,bk.com,(312) 630-0342
BwOxNRVh3HiQp1dQhw4TrQ,Jimmy John’s,"200 E Randolph, Chicago, IL 60601 Neighborhood: at Stetson Ave",16 reviews,2.0 star rating,Sandwiches,"200 E Randolph, Chicago, IL 60601","Mon 10:00 am 7:00 pm
Tue 10:00 am 7:00 pm
Wed 10:00 am 7:00 pm
Thu 10:00 am 7:00 pm
Fri 10:00 am 7:00 pm
Sat 
Sun 
",Yes,Yes,NULL,Casual,Yes,Under $10,No,Yes,Yes,NULL,No,NULL,Lunch,No,Average,NULL,No,NULL,NULL,jimmyjohns.com,(312) 938-0200
d09yHwWO4m1Ors0TLqpmmg,Millenium Dogs,"151 N Michigan Ave, Ste C43 Neighborhood: at Randolph St",4 reviews,2.5 star rating,NULL,"151 N Michigan Ave, Ste C43",NULL,Yes,NULL,NULL,NULL,NULL,NULL,NULL,No,NULL,NULL,NULL,NULL,NULL,No,NULL,NULL,NULL,NULL,NULL,NULL,(312) 565-1444
u3L8x6_nrWk-c5o6xJhEgw,Au Bon Pain,"500 W Monroe St, Chicago, IL 60601 Neighborhood: The Loop",3 reviews,3.0 star rating,NULL,"500 W Monroe St, Chicago, IL 60601",NULL,Yes,Yes,NULL,NULL,No,NULL,No,NULL,NULL,NULL,NULL,NULL,NULL,NULL,NULL,NULL,NULL,NULL,NULL,NULL,NULL
Q8xYPIfzaAzEC8_r66Az4Q,Red Tomato Café,"345 E Superior, Chicago, IL 60611 Neighborhood: b/t Lake Shore Dr & Fairbanks Ct",1 review,2.0 star rating,NULL,"345 E Superior, Chicago, IL 60611",NULL,NULL,NULL,NULL,NULL,NULL,NULL,NULL,NULL,NULL,NULL,NULL,NULL,NULL,NULL,NULL,NULL,NULL,NULL,NULL,NULL,NULL
9janlkrE4F6juz3zcAMkjg,Subway,"100 W Randolph, Chicago, IL 60601 Neighborhood: b/t Michigan Ave & Beaubien Ct",4 reviews,2.0 star rating,"Sandwiches,Fast Food","100 W Randolph, Chicago, IL 60601",NULL,Yes,Yes,NULL,Casual,Yes,Under $10,No,No,Yes,NULL,No,No,NULL,NULL,Loud,NULL,No,NULL,NULL,NULL,NULL
yDk7S0M4VqOyQVvHcFTFrw,Alumni Club,"150 N Michigan Ave, Ste 1135 Neighborhood: at Randolph St",1 review,3.0 star rating,NULL,"150 N Michigan Ave, Ste 1135",NULL,NULL,NULL,NULL,NULL,NULL,NULL,Yes,NULL,NULL,NULL,No,NULL,NULL,NULL,NULL,NULL,NULL,NULL,NULL,NULL,(312) 345-1400
mgM15wXz3Il8iU6T1LPpIA,Subway,"345 N LaSalle St, Chicago, IL 60601 Neighborhood: River North, Near North Side",13 reviews,2.0 star rating,"Sandwiches,Fast Food","345 N LaSalle St, Chicago, IL 60601",NULL,No,Yes,NULL,Casual,No,Under $10,No,NULL,Yes,NULL,No,NULL,NULL,NULL,NULL,NULL,NULL,NULL,NULL,NULL,NULL
eeMlaaZELyAtK9uh1_Pc9A,Jazzman’s Cafe & Bakery,"100 W Randolph St, Chicago, IL 60601 Neighborhood: b/t Michigan Ave & Beaubien Ct",4 reviews,2.5 star rating,Cafes,"100 W Randolph St, Chicago, IL 60601",NULL,NULL,Yes,NULL,Casual,NULL,$11-30,NULL,NULL,NULL,NULL,NULL,NULL,NULL,NULL,NULL,NULL,NULL,NULL,NULL,NULL,NULL
P-Ahhnk4q_v2bRi-IgInhg,Subway,"233 N Michigan Ave, Chicago, IL 60601 Neighborhood: b/t Wacker Pl & Lake St",6 reviews,3.0 star rating,"Sandwiches,Fast Food","233 N Michigan Ave, Chicago, IL 60601","Mon 7:00 am 7:00 pm
Tue 7:00 am 7:00 pm
Wed 7:00 am 7:00 pm
Thu 7:00 am 7:00 pm
Fri 7:00 am 7:00 pm
Sat 
Sun 
",Yes,Yes,NULL,Casual,Yes,$11-30,No,No,Yes,No,No,No,NULL,No,Loud,NULL,No,Yes,NULL,subway.com,(312) 240-9900
ITK4GhjAuzeJAB8RXedQGg,Chi-Town Pizza Express,"151 N Michigan Ave, Unit C-17 Neighborhood: at Randolph St",10 reviews,2.0 star rating,Pizza,"151 N Michigan Ave, Unit C-17",NULL,NULL,Yes,NULL,Casual,NULL,Under $10,No,Yes,Yes,NULL,No,NULL,NULL,No,NULL,NULL,NULL,NULL,NULL,NULL,(312) 938-1111
Gvvzabgu0437UkJST3LLHg,Subway,"151 E Randolph St, Ste C42 Neighborhood: b/t Stetson Ave & Beaubien Ct",6 reviews,1.5 star rating,"Sandwiches,Fast Food","151 E Randolph St, Ste C42","Mon 6:00 am 11:00 pm
Tue 6:00 am 11:00 pm
Wed 6:00 am 11:00 pm
Thu 6:00 am 11:00 pm
Fri 6:00 am 11:00 pm
Sat 8:00 am 11:00 pm
Sun 8:00 am 10:30 pm
",No,Yes,NULL,Casual,No,Under $10,No,No,Yes,NULL,No,No,NULL,No,Average,NULL,No,Yes,NULL,subway.com,(312) 861-0922
oukCzaYnJ29vddG9oGCqKQ,Subway,"55 E Randolph, Chicago, IL 60601 Neighborhood: b/t Garland Ct & Wabash Ave",3 reviews,2.0 star rating,NULL,"55 E Randolph, Chicago, IL 60601",NULL,Yes,Yes,NULL,NULL,Yes,NULL,NULL,NULL,Yes,NULL,NULL,NULL,NULL,NULL,NULL,NULL,NULL,NULL,NULL,NULL,NULL
Z4sy8-cBNYnS-VHwoQxdbQ,Subway,"29 W Lake St, Ste B Neighborhood: b/t Wabash Ave & Dearborn St",7 reviews,2.5 star rating,"Sandwiches,Fast Food","29 W Lake St, Ste B","Mon 7:00 am 10:00 pm
Tue 7:00 am 10:00 pm
Wed 7:00 am 10:00 pm
Thu 7:00 am 10:00 pm
Fri 7:00 am 10:00 pm
Sat 8:00 am 8:00 pm
Sun 8:00 am 7:00 pm
",Yes,Yes,NULL,Casual,Yes,Under $10,No,No,Yes,NULL,Yes,Free,NULL,No,NULL,NULL,No,NULL,NULL,subway.com,(312) 263-1600
nVxyhZTwl1RtdObbFKxewA,225 Cafe,"225 W Washington St, Chicago, IL 60606 Neighborhood: b/t Franklin St & Wells St",1 review,3.0 star rating,NULL,"225 W Washington St, Chicago, IL 60606",NULL,NULL,NULL,NULL,NULL,NULL,NULL,NULL,NULL,NULL,NULL,NULL,NULL,NULL,NULL,NULL,NULL,NULL,NULL,NULL,NULL,(312) 223-1162
dVCY7bSTZPIH8rhXEKB5nQ,Arby’s,"100 W Randolph St, Chicago, IL 60601 Neighborhood: b/t Michigan Ave & Beaubien Ct",11 reviews,2.5 star rating,"Fast Food,Sandwiches","100 W Randolph St, Chicago, IL 60601",NULL,Yes,Yes,NULL,Casual,Yes,Under $10,No,No,Yes,NULL,No,No,NULL,No,Loud,Casual,No,No,NULL,arbys.com,(312) 419-8920
SfrNpSnyKkpmJgA2C9uneA,Sub Connection,"100 W Randolph St, Chicago, IL 60601 Neighborhood: b/t Beaubien Ct & Michigan Ave",4 reviews,1.5 star rating,NULL,"100 W Randolph St, Chicago, IL 60601",NULL,NULL,NULL,NULL,NULL,No,NULL,No,NULL,NULL,NULL,NULL,NULL,NULL,NULL,NULL,NULL,NULL,NULL,NULL,NULL,NULL
kKr5sDnLWtagorr0XD7_hg,Noyane,", Neighborhood: ",NULL,NULL,NULL,",",NULL,No,Yes,Valet,Casual,Yes,$31-60,No,No,No,NULL,Yes,NULL,Lunch,Full Bar,Loud,NULL,NULL,NULL,Yes,NULL,NULL
tnhq-bCdzWsIRdYy1riENw,Freshii,"161 N Clark St, Chicago, IL 60601 Neighborhood: b/t Randolph St & Couch Pl",88 reviews,3.0 star rating,"Salad,Vegan,Wraps","161 N Clark St, Chicago, IL 60601","Mon 7:00 am 8:00 pm
Tue 7:00 am 8:00 pm
Wed 7:00 am 8:00 pm
Thu 7:00 am 8:00 pm
Fri 7:00 am 5:00 pm
Sat 
Sun 
",No,Yes,Street,Casual,Yes,$11-30,No,Yes,Yes,NULL,Yes,Free,"Breakfast, Lunch",No,Average,NULL,No,Yes,NULL,freshii.com,(312) 332-4151
Ewm-tJIq935Z8ATLZ9ne4g,Subway,"300 E Randolph St, Chicago, IL 60601 Neighborhood: at Columbus Dr",2 reviews,3.0 star rating,"Sandwiches,Fast Food","300 E Randolph St, Chicago, IL 60601",NULL,Yes,Yes,NULL,Casual,No,Under $10,No,No,Yes,NULL,No,No,NULL,No,Quiet,NULL,No,Yes,NULL,subway.com,(312) 540-1087
