,year,business_type,business_name,address,has_tobacco_license,has_liquor_license,crime_type,#crimes,#arrests,#OnPremises
1,2002,b,"V & J DAY CARE CENTER, INC",1 E 113TH ST # 1,0,0,OTHER OFFENSE,1,0,0
2,2005,b,"V & J DAY CARE CENTER, INC",1 E 113TH ST # 1,0,0,BATTERY,1,0,0
3,2005,b,"V & J DAY CARE CENTER, INC",1 E 113TH ST # 1,0,0,CRIMINAL DAMAGE,1,0,0
4,2003,b,"V & J DAY CARE CENTER, INC",1 E 113TH ST # 1,0,0,OTHER OFFENSE,1,0,0
5,2003,b,"V & J DAY CARE CENTER, INC",1 E 113TH ST # 1,0,0,MOTOR VEHICLE THEFT,1,0,0
6,2004,b,"V & J DAY CARE CENTER, INC",1 E 113TH ST # 1,0,0,BATTERY,2,0,0
7,2004,b,"V & J DAY CARE CENTER, INC",1 E 113TH ST # 1,0,0,CRIMINAL DAMAGE,1,0,0
8,2004,a,1 EAST CORPORATION,1 E 14TH PL,0,0,ROBBERY,1,0,0
9,2007,a,"GALE UNLIMITED, INC.",1 E 14TH PL,0,0,THEFT,1,1,0
10,2002,a,"JDNK, INC.",1 E 14TH PL 1 #,0,0,THEFT,1,0,0
11,2002,a,"JDNK, INC.",1 E 14TH PL 1 #,0,0,THEFT,1,0,0
12,2007,c,MCCORMICK & SCHMICK RESTAURANT CORP.,1 E WACKER DR,1,0,BATTERY,1,1,0
13,2007,c,MCCORMICK & SCHMICK RESTAURANT CORP.,1 E WACKER DR,1,0,THEFT,3,2,0
14,2007,c,MCCORMICK & SCHMICK RESTAURANT CORP.,1 E WACKER DR,1,0,CRIMINAL TRESPASS,1,1,0
15,2004,c,N J CORPORATION,1 N DEARBORN ST,1,0,BATTERY,1,1,0
16,2004,c,N J CORPORATION,1 N DEARBORN ST,1,0,THEFT,2,1,0
17,2004,c,N J CORPORATION,1 N DEARBORN ST,1,0,ASSAULT,2,2,0
18,2005,c,N J CORPORATION,1 N DEARBORN ST,1,0,DECEPTIVE PRACTICE,1,0,0
19,2003,c,N J CORPORATION,1 N DEARBORN ST,1,0,THEFT,2,0,0
20,2006,c,SAGAR & NEEL CORPORATION,1 N DEARBORN ST  LOBBY,1,0,BATTERY,1,1,0
21,2005,c,Z S CHICAGO INC.,1 N DEARBORN ST 1,1,0,DECEPTIVE PRACTICE,1,0,0
22,2006,c,Z S CHICAGO INC.,1 N DEARBORN ST 1,1,0,BATTERY,1,1,0
23,2010,c,"THE MOBILE PLACE, INC",1 N DEARBORN ST 1ST,1,0,PUBLIC PEACE VIOLATION,2,0,0
24,2010,c,"THE MOBILE PLACE, INC",1 N DEARBORN ST 1ST,1,0,ROBBERY,1,0,0
25,2010,c,"THE MOBILE PLACE, INC",1 N DEARBORN ST 1ST,1,0,THEFT,4,0,0
26,2010,c,"THE MOBILE PLACE, INC",1 N DEARBORN ST 1ST,1,0,ASSAULT,1,0,0
27,2010,c,"THE MOBILE PLACE, INC",1 N DEARBORN ST 1ST,1,0,NARCOTICS,2,2,0
28,2010,c,"THE MOBILE PLACE, INC",1 N DEARBORN ST 1ST,1,0,BATTERY,1,0,0
29,2015,c,AK MERCHANT CORP,1 N FRANKLIN ST,1,0,DECEPTIVE PRACTICE,1,0,0
30,2015,c,AK MERCHANT CORP,1 N FRANKLIN ST,1,0,BATTERY,1,0,0
31,2015,c,AK MERCHANT CORP,1 N FRANKLIN ST,1,0,THEFT,4,0,0
32,2015,c,AK MERCHANT CORP,1 N FRANKLIN ST,1,0,ASSAULT,3,0,0
33,2005,c,JAY'S LOBBY SHOP INC.,1 N FRANKLIN ST,1,0,DECEPTIVE PRACTICE,1,0,0
34,2005,c,JAY'S LOBBY SHOP INC.,1 N FRANKLIN ST,1,0,THEFT,1,0,0
35,2012,c,JAY'S LOBBY SHOP INC.,1 N FRANKLIN ST,1,0,PUBLIC PEACE VIOLATION,1,1,0
36,2012,c,JAY'S LOBBY SHOP INC.,1 N FRANKLIN ST,1,0,BATTERY,1,0,0
37,2012,c,JAY'S LOBBY SHOP INC.,1 N FRANKLIN ST,1,0,THEFT,1,0,0
38,2012,c,JAY'S LOBBY SHOP INC.,1 N FRANKLIN ST,1,0,ASSAULT,1,0,0
39,2004,c,JAY'S LOBBY SHOP INC.,1 N FRANKLIN ST,1,0,BATTERY,1,1,0
40,2004,c,JAY'S LOBBY SHOP INC.,1 N FRANKLIN ST,1,0,ASSAULT,1,1,0
41,2010,c,JAY'S LOBBY SHOP INC.,1 N FRANKLIN ST,1,0,ROBBERY,1,0,0
42,2010,c,JAY'S LOBBY SHOP INC.,1 N FRANKLIN ST,1,0,THEFT,3,0,0
43,2007,c,JAY'S LOBBY SHOP INC.,1 N FRANKLIN ST,1,0,DECEPTIVE PRACTICE,2,0,0
44,2007,c,JAY'S LOBBY SHOP INC.,1 N FRANKLIN ST,1,0,THEFT,3,0,0
45,2004,c,VIJAY H & SHAKU V PATEL,1 N FRANKLIN ST 1ST,1,0,BATTERY,1,1,0
46,2004,c,VIJAY H & SHAKU V PATEL,1 N FRANKLIN ST 1ST,1,0,ASSAULT,1,1,0
47,2003,c,VIJAY H & SHAKU V PATEL,1 N FRANKLIN ST 1ST,1,0,THEFT,2,0,0
48,2017,c,SP&AN INC.,1 N FRANKLIN ST 1ST 150,1,0,DECEPTIVE PRACTICE,2,0,0
49,2017,c,SP&AN INC.,1 N FRANKLIN ST 1ST 150,1,0,THEFT,2,0,0
50,2017,c,SP&AN INC.,1 N FRANKLIN ST 1ST 150,1,0,ASSAULT,1,0,0
51,2003,c,"DOMINICK'S FINER FOODS, LLC",1 N HALSTED ST,1,0,THEFT,1,0,0
52,2004,c,"DOMINICK'S FINER FOODS, LLC",1 N HALSTED ST,1,0,BATTERY,1,1,0
53,2004,c,"DOMINICK'S FINER FOODS, LLC",1 N HALSTED ST,1,0,THEFT,1,0,0
54,2010,c,"DOMINICK'S FINER FOODS, LLC",1 N HALSTED ST,1,0,BURGLARY,1,0,0
55,2010,c,"DOMINICK'S FINER FOODS, LLC",1 N HALSTED ST,1,0,CRIMINAL DAMAGE,1,0,0
56,2012,c,"DOMINICK'S FINER FOODS, LLC",1 N HALSTED ST,1,0,BATTERY,1,0,0
57,2012,c,"DOMINICK'S FINER FOODS, LLC",1 N HALSTED ST,1,0,ASSAULT,1,0,0
58,2006,c,"DOMINICK'S FINER FOODS, LLC",1 N HALSTED ST,1,0,THEFT,1,0,0
59,2014,c,"DOMINICK'S FINER FOODS, LLC",1 N HALSTED ST,1,0,DECEPTIVE PRACTICE,2,0,0
60,2014,c,"DOMINICK'S FINER FOODS, LLC",1 N HALSTED ST,1,0,THEFT,1,0,0
61,2014,c,"DOMINICK'S FINER FOODS, LLC",1 N HALSTED ST,1,0,INTERFERENCE WITH PUBLIC OFFICER,1,0,0
62,2003,a,"DOMINICK'S FINER FOODS, LLC",1 N HALSTED ST,0,0,THEFT,1,0,0
63,2012,a,"DOMINICK'S FINER FOODS, LLC",1 N HALSTED ST,0,0,BATTERY,1,0,0
64,2012,a,"DOMINICK'S FINER FOODS, LLC",1 N HALSTED ST,0,0,ASSAULT,1,0,0
65,2003,a,"DOMINICK'S FINER FOODS, LLC",1 N HALSTED ST,0,0,THEFT,1,0,0
66,2006,a,"DOMINICK'S FINER FOODS, LLC",1 N HALSTED ST,0,0,THEFT,1,0,0
67,2010,a,"DOMINICK'S FINER FOODS, LLC",1 N HALSTED ST,0,0,BURGLARY,1,0,0
68,2010,a,"DOMINICK'S FINER FOODS, LLC",1 N HALSTED ST,0,0,CRIMINAL DAMAGE,1,0,0
69,2004,a,"DOMINICK'S FINER FOODS, LLC",1 N HALSTED ST,0,0,BATTERY,1,1,0
70,2004,a,"DOMINICK'S FINER FOODS, LLC",1 N HALSTED ST,0,0,THEFT,1,0,0
71,2014,a,"DOMINICK'S FINER FOODS, LLC",1 N HALSTED ST,0,0,DECEPTIVE PRACTICE,2,0,0
72,2014,a,"DOMINICK'S FINER FOODS, LLC",1 N HALSTED ST,0,0,THEFT,1,0,0
73,2014,a,"DOMINICK'S FINER FOODS, LLC",1 N HALSTED ST,0,0,INTERFERENCE WITH PUBLIC OFFICER,1,0,0
74,2017,a,"WHOLE FOODS MARKET GROUP, INC.",1 N HALSTED ST 1,0,0,THEFT,2,0,0
75,2006,c,GIRDHAR CORPORATION,1 N LA SALLE ST,1,0,BATTERY,1,1,0
76,2005,c,GIRDHAR CORPORATION,1 N LA SALLE ST,1,0,DECEPTIVE PRACTICE,1,0,0
77,2003,c,GIRDHAR CORPORATION,1 N LA SALLE ST,1,0,THEFT,1,0,0
78,2002,c,GIRDHAR CORPORATION,1 N LA SALLE ST,1,0,PUBLIC PEACE VIOLATION,1,0,0
79,2002,c,GIRDHAR CORPORATION,1 N LA SALLE ST,1,0,THEFT,7,1,0
80,2002,c,GIRDHAR CORPORATION,1 N LA SALLE ST,1,0,OTHER OFFENSE,1,0,0
81,2002,c,GIRDHAR CORPORATION,1 N LA SALLE ST,1,0,CRIMINAL DAMAGE,1,0,0
82,2004,c,GIRDHAR CORPORATION,1 N LA SALLE ST,1,0,BATTERY,1,1,0
83,2004,c,GIRDHAR CORPORATION,1 N LA SALLE ST,1,0,THEFT,2,1,0
84,2004,c,GIRDHAR CORPORATION,1 N LA SALLE ST,1,0,ASSAULT,2,2,0
85,2007,c,GIRDHAR CORPORATION,1 N LA SALLE ST,1,0,DECEPTIVE PRACTICE,2,1,0
86,2007,c,GIRDHAR CORPORATION,1 N LA SALLE ST,1,0,THEFT,5,2,0
87,2007,c,SAGAR & NEEL CORPORATION,1 N LA SALLE ST  LOBBY,1,0,DECEPTIVE PRACTICE,2,1,0
88,2007,c,SAGAR & NEEL CORPORATION,1 N LA SALLE ST  LOBBY,1,0,THEFT,5,2,0
89,2014,c,DEEPA MANAGEMENT ONE CORPORATION,1 N LA SALLE ST 1ST,1,0,DECEPTIVE PRACTICE,2,0,0
90,2014,c,DEEPA MANAGEMENT ONE CORPORATION,1 N LA SALLE ST 1ST,1,0,THEFT,1,0,0
91,2014,c,DEEPA MANAGEMENT ONE CORPORATION,1 N LA SALLE ST 1ST,1,0,OTHER OFFENSE,1,0,0
92,2010,c,DEEPA MANAGEMENT ONE CORPORATION,1 N LA SALLE ST 1ST,1,0,PUBLIC PEACE VIOLATION,2,0,0
93,2010,c,DEEPA MANAGEMENT ONE CORPORATION,1 N LA SALLE ST 1ST,1,0,ROBBERY,1,0,0
94,2010,c,DEEPA MANAGEMENT ONE CORPORATION,1 N LA SALLE ST 1ST,1,0,THEFT,4,0,0
95,2010,c,DEEPA MANAGEMENT ONE CORPORATION,1 N LA SALLE ST 1ST,1,0,NARCOTICS,2,2,0
96,2010,c,DEEPA MANAGEMENT ONE CORPORATION,1 N LA SALLE ST 1ST,1,0,ASSAULT,1,0,0
97,2012,c,DEEPA MANAGEMENT ONE CORPORATION,1 N LA SALLE ST 1ST,1,0,BATTERY,3,1,0
98,2012,c,DEEPA MANAGEMENT ONE CORPORATION,1 N LA SALLE ST 1ST,1,0,THEFT,3,0,0
99,2012,c,DEEPA MANAGEMENT ONE CORPORATION,1 N LA SALLE ST 1ST,1,0,ASSAULT,1,0,0
100,2016,c,HASS ENTERPRISE INC.,1 N LA SALLE ST 1ST 110,1,0,BATTERY,3,1,0
101,2016,c,HASS ENTERPRISE INC.,1 N LA SALLE ST 1ST 110,1,0,THEFT,2,1,0
102,2016,c,HASS ENTERPRISE INC.,1 N LA SALLE ST 1ST 110,1,0,CRIMINAL DAMAGE,2,0,0
103,2016,c,HASS ENTERPRISE INC.,1 N LA SALLE ST 1ST 110,1,0,ASSAULT,1,0,0
104,2016,c,HASS ENTERPRISE INC.,1 N LA SALLE ST 1ST 110,1,0,ROBBERY,2,0,0
105,2014,c,HASS ENTERPRISE INC.,1 N LA SALLE ST 1ST 110,1,0,DECEPTIVE PRACTICE,2,0,0
106,2014,c,HASS ENTERPRISE INC.,1 N LA SALLE ST 1ST 110,1,0,THEFT,1,0,0
107,2014,c,HASS ENTERPRISE INC.,1 N LA SALLE ST 1ST 110,1,0,OTHER OFFENSE,1,0,0
108,2004,b,THE SALVATION ARMY,1 N OGDEN AVE 1ST #,0,0,THEFT,1,0,0
109,2004,b,THE SALVATION ARMY,1 N OGDEN AVE 1ST #,0,0,MOTOR VEHICLE THEFT,1,0,0
110,2004,b,THE SALVATION ARMY,1 N OGDEN AVE 1ST #,0,0,THEFT,1,0,0
111,2004,b,THE SALVATION ARMY,1 N OGDEN AVE 1ST #,0,0,MOTOR VEHICLE THEFT,1,0,0
112,2011,b,THE SALVATION ARMY,1 N OGDEN AVE 1ST #,0,0,BATTERY,3,0,0
113,2003,b,THE SALVATION ARMY,1 N OGDEN AVE 1ST #,0,0,PUBLIC PEACE VIOLATION,1,0,0
114,2003,b,THE SALVATION ARMY,1 N OGDEN AVE 1ST #,0,0,THEFT,1,0,0
115,2013,b,THE SALVATION ARMY,1 N OGDEN AVE 1ST #,0,0,THEFT,1,0,0
116,2009,b,THE SALVATION ARMY,1 N OGDEN AVE 1ST #,0,0,HOMICIDE,1,0,0
117,2017,b,THE SALVATION ARMY,1 N OGDEN AVE 1ST #,0,0,DECEPTIVE PRACTICE,1,0,0
118,2015,b,THE SALVATION ARMY,1 N OGDEN AVE 1ST #,0,0,OTHER OFFENSE,1,1,0
119,2013,b,THE SALVATION ARMY,1 N OGDEN AVE 1ST #,0,0,THEFT,1,0,0
120,2016,c,"MUNCHIES, INC.",1 N WACKER DR GROUND LOBBY,1,0,BATTERY,1,0,0
121,2016,c,"MUNCHIES, INC.",1 N WACKER DR GROUND LOBBY,1,0,CRIMINAL DAMAGE,1,0,0
122,2016,c,"MUNCHIES, INC.",1 N WACKER DR GROUND LOBBY,1,0,ROBBERY,1,0,0
123,2014,c,"MUNCHIES, INC.",1 N WACKER DR GROUND LOBBY,1,0,DECEPTIVE PRACTICE,1,0,0
124,2014,c,"MUNCHIES, INC.",1 N WACKER DR GROUND LOBBY,1,0,THEFT,1,0,0
125,2012,c,"MUNCHIES, INC.",1 N WACKER DR GROUND LOBBY,1,0,PUBLIC PEACE VIOLATION,1,1,0
126,2012,c,"MUNCHIES, INC.",1 N WACKER DR GROUND LOBBY,1,0,BATTERY,1,0,0
127,2012,c,"MUNCHIES, INC.",1 N WACKER DR GROUND LOBBY,1,0,THEFT,1,0,0
128,2012,c,"MUNCHIES, INC.",1 N WACKER DR GROUND LOBBY,1,0,ASSAULT,1,0,0
129,2018,c,"MUNCHIES, INC.",1 N WACKER DR GROUND LOBBY,1,0,OFFENSE INVOLVING CHILDREN,1,0,0
130,2018,c,"MUNCHIES, INC.",1 N WACKER DR GROUND LOBBY,1,0,BATTERY,1,0,0
131,2018,c,"MUNCHIES, INC.",1 N WACKER DR GROUND LOBBY,1,0,THEFT,1,0,0
132,2010,c,"MUNCHIES, INC.",1 N WACKER DR GROUND LOBBY,1,0,THEFT,2,0,0
133,2004,c,PLAZA TWO CORP.,1 S CLARK ST  1ST,1,0,BATTERY,1,1,0
134,2004,c,PLAZA TWO CORP.,1 S CLARK ST  1ST,1,0,THEFT,2,1,0
135,2004,c,PLAZA TWO CORP.,1 S CLARK ST  1ST,1,0,ASSAULT,2,2,0
136,2003,c,PLAZA TWO CORP.,1 S CLARK ST  1ST,1,0,THEFT,2,0,0
137,2004,c,PLAZA TWO CORP.,1 S CLARK ST  1ST,1,0,BATTERY,1,1,0
138,2004,c,PLAZA TWO CORP.,1 S CLARK ST  1ST,1,0,THEFT,2,1,0
139,2004,c,PLAZA TWO CORP.,1 S CLARK ST  1ST,1,0,ASSAULT,2,2,0
140,2007,c,RITAMOM & KRUPASHISH COMPANY,1 S DEARBORN ST  105,1,0,DECEPTIVE PRACTICE,1,1,0
141,2007,c,RITAMOM & KRUPASHISH COMPANY,1 S DEARBORN ST  105,1,0,THEFT,5,2,0
142,2012,c,"PARI, INC.",1 S DEARBORN ST 1ST,1,0,BATTERY,3,1,0
143,2012,c,"PARI, INC.",1 S DEARBORN ST 1ST,1,0,THEFT,3,0,0
144,2012,c,"PARI, INC.",1 S DEARBORN ST 1ST,1,0,ASSAULT,1,0,0
145,2016,c,"PARI, INC.",1 S DEARBORN ST 1ST,1,0,BATTERY,3,1,0
146,2016,c,"PARI, INC.",1 S DEARBORN ST 1ST,1,0,THEFT,2,1,0
147,2016,c,"PARI, INC.",1 S DEARBORN ST 1ST,1,0,CRIMINAL DAMAGE,1,0,0
148,2016,c,"PARI, INC.",1 S DEARBORN ST 1ST,1,0,ASSAULT,1,0,0
149,2016,c,"PARI, INC.",1 S DEARBORN ST 1ST,1,0,ROBBERY,2,1,0
150,2014,c,"PARI, INC.",1 S DEARBORN ST 1ST,1,0,DECEPTIVE PRACTICE,2,0,0
151,2014,c,"PARI, INC.",1 S DEARBORN ST 1ST,1,0,THEFT,1,0,0
152,2014,c,"PARI, INC.",1 S DEARBORN ST 1ST,1,0,OTHER OFFENSE,1,0,0
153,2010,c,"PARI, INC.",1 S DEARBORN ST 1ST,1,0,PUBLIC PEACE VIOLATION,2,0,0
154,2010,c,"PARI, INC.",1 S DEARBORN ST 1ST,1,0,ROBBERY,1,0,0
155,2010,c,"PARI, INC.",1 S DEARBORN ST 1ST,1,0,THEFT,4,0,0
156,2010,c,"PARI, INC.",1 S DEARBORN ST 1ST,1,0,ASSAULT,1,0,0
157,2010,c,"PARI, INC.",1 S DEARBORN ST 1ST,1,0,NARCOTICS,2,2,0
158,2010,c,"PARI, INC.",1 S DEARBORN ST 1ST,1,0,BATTERY,1,0,0
159,2004,c,SHOBHANA S CHOKSHI,1 S HALSTED ST,1,0,BATTERY,1,1,0
160,2004,c,SHOBHANA S CHOKSHI,1 S HALSTED ST,1,0,THEFT,1,0,0
161,2003,c,SHOBHANA S CHOKSHI,1 S HALSTED ST,1,0,THEFT,1,0,0
162,2014,a,TARGET CORPORATION,1 S STATE ST 1&2,0,0,DECEPTIVE PRACTICE,3,0,0
163,2014,a,TARGET CORPORATION,1 S STATE ST 1&2,0,0,THEFT,1,0,0
164,2014,a,TARGET CORPORATION,1 S STATE ST 1&2,0,0,OTHER OFFENSE,2,0,0
165,2018,a,TARGET CORPORATION,1 S STATE ST 1&2,0,0,BATTERY,1,0,0
166,2018,a,TARGET CORPORATION,1 S STATE ST 1&2,0,0,THEFT,4,2,0
167,2018,a,TARGET CORPORATION,1 S STATE ST 1&2,0,0,CRIMINAL TRESPASS,1,1,0
168,2018,a,TARGET CORPORATION,1 S STATE ST 1&2,0,0,ASSAULT,2,1,0
169,2016,a,TARGET CORPORATION,1 S STATE ST 1&2,0,0,BATTERY,4,1,0
170,2016,a,TARGET CORPORATION,1 S STATE ST 1&2,0,0,THEFT,3,1,0
171,2016,a,TARGET CORPORATION,1 S STATE ST 1&2,0,0,CRIMINAL DAMAGE,1,0,0
172,2016,a,TARGET CORPORATION,1 S STATE ST 1&2,0,0,ASSAULT,1,0,0
173,2016,a,TARGET CORPORATION,1 S STATE ST 1&2,0,0,ROBBERY,2,1,0
174,2004,c,G P ANTONS RESTAURANT INC,1 S WACKER DR,1,0,BATTERY,1,1,0
175,2004,c,G P ANTONS RESTAURANT INC,1 S WACKER DR,1,0,ASSAULT,1,1,0
176,2003,c,G P ANTONS RESTAURANT INC,1 S WACKER DR,1,0,THEFT,2,0,0
177,2016,c,"MID-CITY CARDS & GIFTS, INC.",1 S WACKER DR 1 LOBBY,1,0,BATTERY,1,0,0
178,2016,c,"MID-CITY CARDS & GIFTS, INC.",1 S WACKER DR 1 LOBBY,1,0,CRIMINAL DAMAGE,1,0,0
179,2016,c,"MID-CITY CARDS & GIFTS, INC.",1 S WACKER DR 1 LOBBY,1,0,ROBBERY,1,0,0
180,2005,c,"MID-CITY CARDS & GIFTS, INC.",1 S WACKER DR 1 LOBBY,1,0,THEFT,1,0,0
181,2012,c,"MID-CITY CARDS & GIFTS, INC.",1 S WACKER DR 1 LOBBY,1,0,PUBLIC PEACE VIOLATION,1,1,0
182,2012,c,"MID-CITY CARDS & GIFTS, INC.",1 S WACKER DR 1 LOBBY,1,0,BATTERY,1,0,0
183,2012,c,"MID-CITY CARDS & GIFTS, INC.",1 S WACKER DR 1 LOBBY,1,0,THEFT,1,0,0
184,2012,c,"MID-CITY CARDS & GIFTS, INC.",1 S WACKER DR 1 LOBBY,1,0,ASSAULT,1,0,0
185,2018,c,"MID-CITY CARDS & GIFTS, INC.",1 S WACKER DR 1 LOBBY,1,0,OFFENSE INVOLVING CHILDREN,1,0,0
186,2018,c,"MID-CITY CARDS & GIFTS, INC.",1 S WACKER DR 1 LOBBY,1,0,BATTERY,1,0,0
187,2018,c,"MID-CITY CARDS & GIFTS, INC.",1 S WACKER DR 1 LOBBY,1,0,THEFT,1,0,0
188,2014,c,"MID-CITY CARDS & GIFTS, INC.",1 S WACKER DR 1 LOBBY,1,0,DECEPTIVE PRACTICE,1,0,0
189,2014,c,"MID-CITY CARDS & GIFTS, INC.",1 S WACKER DR 1 LOBBY,1,0,THEFT,1,0,0
190,2004,c,"MID-CITY CARDS & GIFTS, INC.",1 S WACKER DR 1 LOBBY,1,0,BATTERY,1,1,0
191,2004,c,"MID-CITY CARDS & GIFTS, INC.",1 S WACKER DR 1 LOBBY,1,0,ASSAULT,1,1,0
192,2010,c,"MID-CITY CARDS & GIFTS, INC.",1 S WACKER DR 1 LOBBY,1,0,THEFT,2,0,0
193,2003,c,"MID-CITY CARDS & GIFTS, INC.",1 S WACKER DR 1 LOBBY,1,0,THEFT,2,0,0
194,2007,c,"MID-CITY CARDS & GIFTS, INC.",1 S WACKER DR 1 LOBBY,1,0,DECEPTIVE PRACTICE,2,0,0
195,2007,c,"MID-CITY CARDS & GIFTS, INC.",1 S WACKER DR 1 LOBBY,1,0,THEFT,2,0,0
196,2018,c,"PIT STOP CONVENIENCE, INC.",1 S WACKER DR 1 LOBBY,1,0,OFFENSE INVOLVING CHILDREN,1,0,0
197,2018,c,"PIT STOP CONVENIENCE, INC.",1 S WACKER DR 1 LOBBY,1,0,BATTERY,1,0,0
198,2018,c,"PIT STOP CONVENIENCE, INC.",1 S WACKER DR 1 LOBBY,1,0,THEFT,1,0,0
199,2001,c,"A & B TOBACCO,  INC.",1 S WACKER DR 1ST,1,0,THEFT,1,0,0
200,2004,c,"ROCK BOTTOM OF MINNEAPOLIS, INC.",1 W GRAND AVE,1,0,BATTERY,2,1,0
201,2004,c,"ROCK BOTTOM OF MINNEAPOLIS, INC.",1 W GRAND AVE,1,0,THEFT,2,1,0
202,2004,c,"ROCK BOTTOM OF MINNEAPOLIS, INC.",1 W GRAND AVE,1,0,CRIMINAL TRESPASS,1,1,0
203,2012,c,"ROCK BOTTOM OF MINNEAPOLIS, INC.",1 W GRAND AVE,1,0,DECEPTIVE PRACTICE,2,0,0
204,2012,c,"ROCK BOTTOM OF MINNEAPOLIS, INC.",1 W GRAND AVE,1,0,BATTERY,1,1,0
205,2012,c,"ROCK BOTTOM OF MINNEAPOLIS, INC.",1 W GRAND AVE,1,0,THEFT,2,0,0
206,2007,c,"ROCK BOTTOM OF MINNEAPOLIS, INC.",1 W GRAND AVE,1,0,THEFT,1,0,0
207,2007,c,"ROCK BOTTOM OF MINNEAPOLIS, INC.",1 W GRAND AVE,1,0,CRIMINAL TRESPASS,1,1,0
208,2014,c,"ROCK BOTTOM OF MINNEAPOLIS, INC.",1 W GRAND AVE,1,0,DECEPTIVE PRACTICE,5,0,0
209,2014,c,"ROCK BOTTOM OF MINNEAPOLIS, INC.",1 W GRAND AVE,1,0,CRIMINAL TRESPASS,1,0,0
210,2003,c,"ROCK BOTTOM OF MINNEAPOLIS, INC.",1 W GRAND AVE,1,0,BATTERY,3,1,0
211,2003,c,"ROCK BOTTOM OF MINNEAPOLIS, INC.",1 W GRAND AVE,1,0,THEFT,1,0,0
212,2003,c,"ROCK BOTTOM OF MINNEAPOLIS, INC.",1 W GRAND AVE,1,0,CRIMINAL DAMAGE,1,0,0
213,2003,c,"ROCK BOTTOM OF MINNEAPOLIS, INC.",1 W GRAND AVE,1,0,ASSAULT,1,1,0
214,2006,c,"ROCK BOTTOM OF MINNEAPOLIS, INC.",1 W GRAND AVE,1,0,THEFT,3,1,0
215,2006,c,"ROCK BOTTOM OF MINNEAPOLIS, INC.",1 W GRAND AVE,1,0,CRIMINAL TRESPASS,1,1,0
216,2008,c,"ROCK BOTTOM OF MINNEAPOLIS, INC.",1 W GRAND AVE,1,0,THEFT,1,0,0
217,2010,c,"ROCK BOTTOM OF MINNEAPOLIS, INC.",1 W GRAND AVE,1,0,DECEPTIVE PRACTICE,1,0,0
218,2010,c,"ROCK BOTTOM OF MINNEAPOLIS, INC.",1 W GRAND AVE,1,0,THEFT,3,1,0
219,2010,c,"ROCK BOTTOM OF MINNEAPOLIS, INC.",1 W GRAND AVE,1,0,OTHER OFFENSE,1,0,0
220,2005,c,RENAISSANCE HOTEL OPERATING COMPANY,1 W WACKER DR,1,0,BATTERY,1,0,0
221,2006,c,RENAISSANCE HOTEL OPERATING COMPANY,1 W WACKER DR,1,0,THEFT,2,1,0
222,2006,c,RENAISSANCE HOTEL OPERATING COMPANY,1 W WACKER DR,1,0,CRIMINAL TRESPASS,1,1,0
223,2011,c,RENAISSANCE HOTEL OPERATING COMPANY,1 W WACKER DR,1,0,BATTERY,1,1,0
224,2011,c,RENAISSANCE HOTEL OPERATING COMPANY,1 W WACKER DR,1,0,THEFT,3,1,0
225,2011,c,RENAISSANCE HOTEL OPERATING COMPANY,1 W WACKER DR,1,0,NARCOTICS,1,1,0
226,2011,c,RENAISSANCE HOTEL OPERATING COMPANY,1 W WACKER DR,1,0,ASSAULT,1,0,0
227,2011,c,RENAISSANCE HOTEL OPERATING COMPANY,1 W WACKER DR,1,0,ROBBERY,2,0,0
228,2007,c,RENAISSANCE HOTEL OPERATING COMPANY,1 W WACKER DR,1,0,BATTERY,1,1,0
229,2007,c,RENAISSANCE HOTEL OPERATING COMPANY,1 W WACKER DR,1,0,THEFT,3,2,0
230,2007,c,RENAISSANCE HOTEL OPERATING COMPANY,1 W WACKER DR,1,0,CRIMINAL TRESPASS,1,1,0
231,2004,c,"TRAVEL TRADERS HOTEL STORES, INC.",1 W WACKER DR,1,0,BATTERY,1,1,0
232,2004,c,"TRAVEL TRADERS HOTEL STORES, INC.",1 W WACKER DR,1,0,THEFT,4,2,0
233,2004,c,"TRAVEL TRADERS HOTEL STORES, INC.",1 W WACKER DR,1,0,CRIMINAL TRESPASS,1,1,0
234,2004,c,"TRAVEL TRADERS HOTEL STORES, INC.",1 W WACKER DR,1,0,ASSAULT,1,1,0
235,2003,c,"TRAVEL TRADERS HOTEL STORES, INC.",1 W WACKER DR,1,0,BATTERY,2,1,0
236,2003,c,"TRAVEL TRADERS HOTEL STORES, INC.",1 W WACKER DR,1,0,THEFT,2,0,0
237,2003,c,"TRAVEL TRADERS HOTEL STORES, INC.",1 W WACKER DR,1,0,CRIMINAL DAMAGE,1,0,0
238,2003,c,"TRAVEL TRADERS HOTEL STORES, INC.",1 W WACKER DR,1,0,ASSAULT,1,1,0
239,2006,c,RENAISSANCE HOTEL OPERATING COMPANY,1 W WACKER DR  1ST F,1,0,THEFT,2,1,0
240,2006,c,RENAISSANCE HOTEL OPERATING COMPANY,1 W WACKER DR  1ST F,1,0,CRIMINAL TRESPASS,1,1,0
241,2005,c,RENAISSANCE HOTEL OPERATING COMPANY,1 W WACKER DR  1ST F,1,0,BATTERY,1,0,0
242,2007,c,RENAISSANCE HOTEL OPERATING COMPANY,1 W WACKER DR  1ST F,1,0,BATTERY,1,1,0
243,2007,c,RENAISSANCE HOTEL OPERATING COMPANY,1 W WACKER DR  1ST F,1,0,THEFT,3,2,0
244,2007,c,RENAISSANCE HOTEL OPERATING COMPANY,1 W WACKER DR  1ST F,1,0,CRIMINAL TRESPASS,1,1,0
245,2011,c,RENAISSANCE HOTEL OPERATING COMPANY,1 W WACKER DR  1ST F,1,0,BATTERY,1,1,0
246,2011,c,RENAISSANCE HOTEL OPERATING COMPANY,1 W WACKER DR  1ST F,1,0,THEFT,3,1,0
247,2011,c,RENAISSANCE HOTEL OPERATING COMPANY,1 W WACKER DR  1ST F,1,0,NARCOTICS,1,1,0
248,2011,c,RENAISSANCE HOTEL OPERATING COMPANY,1 W WACKER DR  1ST F,1,0,ASSAULT,1,0,0
249,2011,c,RENAISSANCE HOTEL OPERATING COMPANY,1 W WACKER DR  1ST F,1,0,ROBBERY,2,0,0
250,2003,c,WH SMITH HOTEL SERVICES INC,1 W WACKER DR  LOBBY,1,0,BATTERY,2,1,0
251,2003,c,WH SMITH HOTEL SERVICES INC,1 W WACKER DR  LOBBY,1,0,THEFT,2,0,0
252,2003,c,WH SMITH HOTEL SERVICES INC,1 W WACKER DR  LOBBY,1,0,CRIMINAL DAMAGE,1,0,0
253,2003,c,WH SMITH HOTEL SERVICES INC,1 W WACKER DR  LOBBY,1,0,ASSAULT,1,1,0
254,2004,c,"RLJ CHICAGO HOTEL, L.L.C.",10 E GRAND AVE,1,0,BATTERY,2,1,0
255,2004,c,"RLJ CHICAGO HOTEL, L.L.C.",10 E GRAND AVE,1,0,THEFT,2,1,0
256,2004,c,"RLJ CHICAGO HOTEL, L.L.C.",10 E GRAND AVE,1,0,CRIMINAL TRESPASS,1,1,0
257,2006,c,"RLJ CHICAGO HOTEL, L.L.C.",10 E GRAND AVE,1,0,THEFT,3,1,0
258,2006,c,"RLJ CHICAGO HOTEL, L.L.C.",10 E GRAND AVE,1,0,CRIMINAL TRESPASS,1,1,0
259,2003,c,"RLJ CHICAGO HOTEL, L.L.C.",10 E GRAND AVE,1,0,BATTERY,3,1,0
260,2003,c,"RLJ CHICAGO HOTEL, L.L.C.",10 E GRAND AVE,1,0,THEFT,1,0,0
261,2003,c,"RLJ CHICAGO HOTEL, L.L.C.",10 E GRAND AVE,1,0,CRIMINAL DAMAGE,2,0,0
262,2003,c,"RLJ CHICAGO HOTEL, L.L.C.",10 E GRAND AVE,1,0,ASSAULT,1,1,0
263,2003,c,UNDERGROUND WONDER INC,10 E WALTON ST,1,0,BATTERY,2,1,0
264,2003,c,UNDERGROUND WONDER INC,10 E WALTON ST,1,0,THEFT,2,0,0
265,2003,c,UNDERGROUND WONDER INC,10 E WALTON ST,1,0,CRIMINAL TRESPASS,1,1,0
266,2003,c,UNDERGROUND WONDER INC,10 E WALTON ST,1,0,OTHER OFFENSE,1,0,0
267,2007,c,UNDERGROUND WONDER INC,10 E WALTON ST,1,0,DECEPTIVE PRACTICE,1,0,0
268,2007,c,UNDERGROUND WONDER INC,10 E WALTON ST,1,0,THEFT,1,0,0
269,2005,c,UNDERGROUND WONDER INC,10 E WALTON ST,1,0,OTHER OFFENSE,1,0,0
270,2011,c,UNDERGROUND WONDER INC,10 E WALTON ST,1,0,DECEPTIVE PRACTICE,1,0,0
271,2011,c,UNDERGROUND WONDER INC,10 E WALTON ST,1,0,BATTERY,2,1,0
272,2011,c,UNDERGROUND WONDER INC,10 E WALTON ST,1,0,THEFT,4,0,0
273,2004,c,UNDERGROUND WONDER INC,10 E WALTON ST,1,0,CRIMINAL DAMAGE,1,0,0
274,2004,c,UNDERGROUND WONDER INC,10 E WALTON ST,1,0,MOTOR VEHICLE THEFT,1,0,0
275,2014,c,TEN NORTH DEARBORN RESTAURANT CORPORATION,10 N DEARBORN ST,0,1,DECEPTIVE PRACTICE,2,0,0
276,2014,c,TEN NORTH DEARBORN RESTAURANT CORPORATION,10 N DEARBORN ST,0,1,THEFT,1,0,0
277,2014,c,TEN NORTH DEARBORN RESTAURANT CORPORATION,10 N DEARBORN ST,0,1,OTHER OFFENSE,1,0,0
278,2004,c,TEN NORTH DEARBORN RESTAURANT CORPORATION,10 N DEARBORN ST,0,1,BATTERY,1,1,0
279,2004,c,TEN NORTH DEARBORN RESTAURANT CORPORATION,10 N DEARBORN ST,0,1,THEFT,2,1,0
280,2004,c,TEN NORTH DEARBORN RESTAURANT CORPORATION,10 N DEARBORN ST,0,1,ASSAULT,2,2,0
281,2007,c,TEN NORTH DEARBORN RESTAURANT CORPORATION,10 N DEARBORN ST,0,1,DECEPTIVE PRACTICE,2,1,0
282,2007,c,TEN NORTH DEARBORN RESTAURANT CORPORATION,10 N DEARBORN ST,0,1,THEFT,5,2,0
283,2003,c,TEN NORTH DEARBORN RESTAURANT CORPORATION,10 N DEARBORN ST,0,1,THEFT,2,0,0
284,2006,c,TEN NORTH DEARBORN RESTAURANT CORPORATION,10 N DEARBORN ST,0,1,BATTERY,1,1,0
285,2010,c,TEN NORTH DEARBORN RESTAURANT CORPORATION,10 N DEARBORN ST,0,1,PUBLIC PEACE VIOLATION,2,0,0
286,2010,c,TEN NORTH DEARBORN RESTAURANT CORPORATION,10 N DEARBORN ST,0,1,ROBBERY,1,0,0
287,2010,c,TEN NORTH DEARBORN RESTAURANT CORPORATION,10 N DEARBORN ST,0,1,THEFT,4,0,0
288,2010,c,TEN NORTH DEARBORN RESTAURANT CORPORATION,10 N DEARBORN ST,0,1,ASSAULT,1,0,0
289,2010,c,TEN NORTH DEARBORN RESTAURANT CORPORATION,10 N DEARBORN ST,0,1,NARCOTICS,2,2,0
290,2010,c,TEN NORTH DEARBORN RESTAURANT CORPORATION,10 N DEARBORN ST,0,1,BATTERY,1,0,0
291,2016,c,TEN NORTH DEARBORN RESTAURANT CORPORATION,10 N DEARBORN ST,0,1,BATTERY,3,1,0
292,2016,c,TEN NORTH DEARBORN RESTAURANT CORPORATION,10 N DEARBORN ST,0,1,THEFT,2,1,0
293,2016,c,TEN NORTH DEARBORN RESTAURANT CORPORATION,10 N DEARBORN ST,0,1,CRIMINAL DAMAGE,1,0,0
294,2016,c,TEN NORTH DEARBORN RESTAURANT CORPORATION,10 N DEARBORN ST,0,1,ASSAULT,1,0,0
295,2016,c,TEN NORTH DEARBORN RESTAURANT CORPORATION,10 N DEARBORN ST,0,1,ROBBERY,2,1,0
296,2002,c,TEN NORTH DEARBORN RESTAURANT CORPORATION,10 N DEARBORN ST,0,1,CRIMINAL TRESPASS,1,1,0
297,2002,c,TEN NORTH DEARBORN RESTAURANT CORPORATION,10 N DEARBORN ST,0,1,THEFT,8,1,0
298,2002,c,TEN NORTH DEARBORN RESTAURANT CORPORATION,10 N DEARBORN ST,0,1,OTHER OFFENSE,1,0,0
299,2002,c,TEN NORTH DEARBORN RESTAURANT CORPORATION,10 N DEARBORN ST,0,1,CRIMINAL DAMAGE,1,0,0
300,2018,c,TEN NORTH DEARBORN RESTAURANT CORPORATION,10 N DEARBORN ST,0,1,BATTERY,1,0,0
301,2018,c,TEN NORTH DEARBORN RESTAURANT CORPORATION,10 N DEARBORN ST,0,1,THEFT,3,2,0
302,2018,c,TEN NORTH DEARBORN RESTAURANT CORPORATION,10 N DEARBORN ST,0,1,CRIMINAL TRESPASS,1,1,0
303,2018,c,TEN NORTH DEARBORN RESTAURANT CORPORATION,10 N DEARBORN ST,0,1,ASSAULT,2,1,0
304,2003,c,TEN NORTH DEARBORN RESTAURANT CORPORATION,10 N DEARBORN ST,0,1,THEFT,2,0,0
305,2012,c,TEN NORTH DEARBORN RESTAURANT CORPORATION,10 N DEARBORN ST,0,1,BATTERY,3,1,0
306,2012,c,TEN NORTH DEARBORN RESTAURANT CORPORATION,10 N DEARBORN ST,0,1,THEFT,3,0,0
307,2012,c,TEN NORTH DEARBORN RESTAURANT CORPORATION,10 N DEARBORN ST,0,1,ASSAULT,1,0,0
308,2005,c,TEN NORTH DEARBORN RESTAURANT CORPORATION,10 N DEARBORN ST,0,1,DECEPTIVE PRACTICE,1,0,0
309,2007,c,SALEH JABER INC.,10 N KILBOURN AVE,1,0,MOTOR VEHICLE THEFT,1,0,0
310,2018,c,SALEH JABER INC.,10 N KILBOURN AVE,1,0,BATTERY,2,0,0
311,2018,c,SALEH JABER INC.,10 N KILBOURN AVE,1,0,THEFT,2,1,0
312,2018,c,SALEH JABER INC.,10 N KILBOURN AVE,1,0,ASSAULT,1,0,0
313,2004,c,SALEH JABER INC.,10 N KILBOURN AVE,1,0,OTHER OFFENSE,1,0,0
314,2012,c,SALEH JABER INC.,10 N KILBOURN AVE,1,0,BATTERY,1,0,0
315,2012,c,SALEH JABER INC.,10 N KILBOURN AVE,1,0,THEFT,1,0,0
316,2012,c,SALEH JABER INC.,10 N KILBOURN AVE,1,0,ROBBERY,1,0,0
317,2010,c,SALEH JABER INC.,10 N KILBOURN AVE,1,0,BATTERY,2,0,0
318,2010,c,SALEH JABER INC.,10 N KILBOURN AVE,1,0,PROSTITUTION,1,1,0
319,2008,c,SALEH JABER INC.,10 N KILBOURN AVE,1,0,OTHER OFFENSE,1,0,0
320,2008,c,SALEH JABER INC.,10 N KILBOURN AVE,1,0,HOMICIDE,1,0,0
321,2014,c,SALEH JABER INC.,10 N KILBOURN AVE,1,0,DECEPTIVE PRACTICE,1,0,0
322,2014,c,SALEH JABER INC.,10 N KILBOURN AVE,1,0,THEFT,1,0,0
323,2016,c,SALEH JABER INC.,10 N KILBOURN AVE,1,0,BATTERY,1,0,0
324,2014,c,"CICERO QUICK STOP, INC.",10 S CICERO AVE 1ST,1,0,DECEPTIVE PRACTICE,4,0,0
325,2014,c,"CICERO QUICK STOP, INC.",10 S CICERO AVE 1ST,1,0,THEFT,1,0,0
326,2018,c,"CICERO QUICK STOP, INC.",10 S CICERO AVE 1ST,1,0,ASSAULT,1,0,0
327,2018,c,"CICERO QUICK STOP, INC.",10 S CICERO AVE 1ST,1,0,BATTERY,1,0,0
328,2018,c,"CICERO QUICK STOP, INC.",10 S CICERO AVE 1ST,1,0,THEFT,1,0,0
329,2018,c,"CICERO QUICK STOP, INC.",10 S CICERO AVE 1ST,1,0,OTHER OFFENSE,1,1,0
330,2018,c,"CICERO QUICK STOP, INC.",10 S CICERO AVE 1ST,1,0,NARCOTICS,1,1,0
331,2016,c,"CICERO QUICK STOP, INC.",10 S CICERO AVE 1ST,1,0,BATTERY,1,0,0
332,2016,c,"CICERO QUICK STOP, INC.",10 S CICERO AVE 1ST,1,0,HOMICIDE,1,0,0
333,2007,b,NATIONAL LOUIS UNIVERSITY,10 S KEDZIE AVE  1ST F,0,0,BATTERY,1,0,0
334,2007,b,NATIONAL LOUIS UNIVERSITY,10 S KEDZIE AVE  1ST F,0,0,NARCOTICS,1,1,0
335,2008,b,NATIONAL LOUIS UNIVERSITY,10 S KEDZIE AVE  1ST F,0,0,HOMICIDE,1,0,0
336,2006,b,NATIONAL LOUIS UNIVERSITY,10 S KEDZIE AVE  1ST F,0,0,ROBBERY,1,0,0
337,2006,b,NATIONAL LOUIS UNIVERSITY,10 S KEDZIE AVE  1ST F,0,0,THEFT,1,0,0
338,2003,b,NATIONAL LOUIS UNIVERSITY,10 S KEDZIE AVE  1ST F,0,0,BATTERY,1,0,0
339,2011,b,YOUNG MEN'S CHRISTIAN ASSOCIATION OF CHICAGO,10 S KEDZIE AVE 1,0,0,NARCOTICS,1,1,0
340,2013,b,YOUNG MEN'S CHRISTIAN ASSOCIATION OF CHICAGO,10 S KEDZIE AVE 1,0,0,DECEPTIVE PRACTICE,3,0,0
341,2013,b,YOUNG MEN'S CHRISTIAN ASSOCIATION OF CHICAGO,10 S KEDZIE AVE 1,0,0,SEX OFFENSE,1,0,0
342,2015,b,YOUNG MEN'S CHRISTIAN ASSOCIATION OF CHICAGO,10 S KEDZIE AVE 1,0,0,THEFT,1,0,0
343,2015,b,YOUNG MEN'S CHRISTIAN ASSOCIATION OF CHICAGO,10 S KEDZIE AVE 1,0,0,CRIMINAL DAMAGE,1,0,0
344,2017,b,YOUNG MEN'S CHRISTIAN ASSOCIATION OF CHICAGO,10 S KEDZIE AVE 1,0,0,BATTERY,1,0,0
345,2017,b,YOUNG MEN'S CHRISTIAN ASSOCIATION OF CHICAGO,10 S KEDZIE AVE 1,0,0,OTHER OFFENSE,2,0,0
346,2013,b,YOUNG MEN'S CHRISTIAN ASSOCIATION OF CHICAGO,10 S KEDZIE AVE 1,0,0,DECEPTIVE PRACTICE,3,0,0
347,2013,b,YOUNG MEN'S CHRISTIAN ASSOCIATION OF CHICAGO,10 S KEDZIE AVE 1,0,0,SEX OFFENSE,1,0,0
348,2006,c,HANK GREENBERG WHOLESALE INC,10 S LA SALLE ST,1,0,BATTERY,1,1,0
349,2003,c,HANK GREENBERG WHOLESALE INC,10 S LA SALLE ST,1,0,THEFT,1,0,0
350,2005,c,HANK GREENBERG WHOLESALE INC,10 S LA SALLE ST,1,0,DECEPTIVE PRACTICE,1,0,0
351,2007,c,HANK GREENBERG WHOLESALE INC,10 S LA SALLE ST,1,0,DECEPTIVE PRACTICE,2,1,0
352,2007,c,HANK GREENBERG WHOLESALE INC,10 S LA SALLE ST,1,0,THEFT,5,2,0
353,2004,c,HANK GREENBERG WHOLESALE INC,10 S LA SALLE ST,1,0,BATTERY,1,1,0
354,2004,c,HANK GREENBERG WHOLESALE INC,10 S LA SALLE ST,1,0,THEFT,2,1,0
355,2004,c,HANK GREENBERG WHOLESALE INC,10 S LA SALLE ST,1,0,ASSAULT,2,2,0
356,2010,c,HANK GREENBERG WHOLESALE INC,10 S LA SALLE ST,1,0,PUBLIC PEACE VIOLATION,2,0,0
357,2010,c,HANK GREENBERG WHOLESALE INC,10 S LA SALLE ST,1,0,ROBBERY,1,0,0
358,2010,c,HANK GREENBERG WHOLESALE INC,10 S LA SALLE ST,1,0,THEFT,4,0,0
359,2010,c,HANK GREENBERG WHOLESALE INC,10 S LA SALLE ST,1,0,NARCOTICS,2,2,0
360,2010,c,HANK GREENBERG WHOLESALE INC,10 S LA SALLE ST,1,0,ASSAULT,1,0,0
361,2004,c,HANK GREENBERG WHOLESALE INC,10 S LA SALLE ST,1,0,BATTERY,1,1,0
362,2004,c,HANK GREENBERG WHOLESALE INC,10 S LA SALLE ST,1,0,THEFT,2,1,0
363,2004,c,HANK GREENBERG WHOLESALE INC,10 S LA SALLE ST,1,0,ASSAULT,2,2,0
364,2007,c,KANTILAL R PITHADIA,10 S LA SALLE ST  1ST,1,0,DECEPTIVE PRACTICE,2,1,0
365,2007,c,KANTILAL R PITHADIA,10 S LA SALLE ST  1ST,1,0,THEFT,5,2,0
366,2011,c,KANTILAL R PITHADIA,10 S LA SALLE ST  1ST,1,0,ROBBERY,3,1,0
367,2011,c,KANTILAL R PITHADIA,10 S LA SALLE ST  1ST,1,0,THEFT,2,1,0
368,2011,c,KANTILAL R PITHADIA,10 S LA SALLE ST  1ST,1,0,NARCOTICS,1,1,0
369,2011,c,KANTILAL R PITHADIA,10 S LA SALLE ST  1ST,1,0,ASSAULT,2,1,0
370,2006,c,KANTILAL R PITHADIA,10 S LA SALLE ST  1ST,1,0,BATTERY,1,1,0
371,2005,c,KANTILAL R PITHADIA,10 S LA SALLE ST  1ST,1,0,DECEPTIVE PRACTICE,1,0,0
372,2003,c,KANTILAL R PITHADIA,10 S LA SALLE ST  1ST,1,0,THEFT,1,0,0
373,2004,c,KANTILAL R PITHADIA,10 S LA SALLE ST  1ST,1,0,BATTERY,1,1,0
374,2004,c,KANTILAL R PITHADIA,10 S LA SALLE ST  1ST,1,0,THEFT,2,1,0
375,2004,c,KANTILAL R PITHADIA,10 S LA SALLE ST  1ST,1,0,ASSAULT,2,2,0
376,2017,c,SHREE GANESH 2011 INC.,10 S LA SALLE ST 1ST,1,0,THEFT,5,2,0
377,2017,c,SHREE GANESH 2011 INC.,10 S LA SALLE ST 1ST,1,0,CRIMINAL TRESPASS,1,1,0
378,2017,c,SHREE GANESH 2011 INC.,10 S LA SALLE ST 1ST,1,0,ASSAULT,1,0,0
379,2017,c,SHREE GANESH 2011 INC.,10 S LA SALLE ST 1ST,1,0,BURGLARY,1,0,0
380,2017,c,SHREE GANESH 2011 INC.,10 S LA SALLE ST 1ST,1,0,DECEPTIVE PRACTICE,2,0,0
381,2017,c,SHREE GANESH 2011 INC.,10 S LA SALLE ST 1ST,1,0,BATTERY,1,0,0
382,2013,c,SHREE GANESH 2011 INC.,10 S LA SALLE ST 1ST,1,0,THEFT,1,0,0
383,2013,c,SHREE GANESH 2011 INC.,10 S LA SALLE ST 1ST,1,0,OTHER OFFENSE,1,0,0
384,2015,c,SHREE GANESH 2011 INC.,10 S LA SALLE ST 1ST,1,0,BATTERY,1,0,0
385,2015,c,SHREE GANESH 2011 INC.,10 S LA SALLE ST 1ST,1,0,THEFT,2,0,0
386,2015,c,SHREE GANESH 2011 INC.,10 S LA SALLE ST 1ST,1,0,CRIMINAL TRESPASS,2,2,0
387,2015,c,SHREE GANESH 2011 INC.,10 S LA SALLE ST 1ST,1,0,ASSAULT,3,0,0
388,2007,c,KANTILAL M PATEL,10 S RIVERSIDE PLZ 1ST,1,0,DECEPTIVE PRACTICE,2,0,0
389,2007,c,KANTILAL M PATEL,10 S RIVERSIDE PLZ 1ST,1,0,THEFT,2,0,0
390,2010,c,KANTILAL M PATEL,10 S RIVERSIDE PLZ 1ST,1,0,THEFT,3,0,0
391,2010,c,KANTILAL M PATEL,10 S RIVERSIDE PLZ 1ST,1,0,CRIMINAL DAMAGE,1,0,0
392,2016,c,KANTILAL M PATEL,10 S RIVERSIDE PLZ 1ST,1,0,BATTERY,1,0,0
393,2016,c,KANTILAL M PATEL,10 S RIVERSIDE PLZ 1ST,1,0,ROBBERY,1,0,0
394,2005,c,KANTILAL M PATEL,10 S RIVERSIDE PLZ 1ST,1,0,THEFT,1,0,0
395,2003,c,KANTILAL M PATEL,10 S RIVERSIDE PLZ 1ST,1,0,THEFT,2,0,0
396,2003,c,KANTILAL M PATEL,10 S RIVERSIDE PLZ 1ST,1,0,OTHER OFFENSE,1,0,0
397,2014,c,KANTILAL M PATEL,10 S RIVERSIDE PLZ 1ST,1,0,DECEPTIVE PRACTICE,4,0,0
398,2014,c,KANTILAL M PATEL,10 S RIVERSIDE PLZ 1ST,1,0,THEFT,1,0,0
399,2014,c,KANTILAL M PATEL,10 S RIVERSIDE PLZ 1ST,1,0,OTHER OFFENSE,1,0,0
400,2004,c,KANTILAL M PATEL,10 S RIVERSIDE PLZ 1ST,1,0,BATTERY,2,2,0
401,2004,c,KANTILAL M PATEL,10 S RIVERSIDE PLZ 1ST,1,0,ASSAULT,1,1,0
402,2012,c,KANTILAL M PATEL,10 S RIVERSIDE PLZ 1ST,1,0,PUBLIC PEACE VIOLATION,1,1,0
403,2012,c,KANTILAL M PATEL,10 S RIVERSIDE PLZ 1ST,1,0,BATTERY,1,0,0
404,2012,c,KANTILAL M PATEL,10 S RIVERSIDE PLZ 1ST,1,0,THEFT,1,0,0
405,2012,c,KANTILAL M PATEL,10 S RIVERSIDE PLZ 1ST,1,0,ASSAULT,1,0,0
406,2010,c,JAMES S SOTER,10 W DIVISION ST # 1,1,0,DECEPTIVE PRACTICE,1,0,0
407,2010,c,JAMES S SOTER,10 W DIVISION ST # 1,1,0,BATTERY,1,1,0
408,2012,c,JAMES S SOTER,10 W DIVISION ST # 1,1,0,THEFT,1,0,0
409,2012,c,JAMES S SOTER,10 W DIVISION ST # 1,1,0,OTHER OFFENSE,1,0,0
410,2016,c,JAMES S SOTER,10 W DIVISION ST # 1,1,0,BATTERY,4,1,0
411,2016,c,JAMES S SOTER,10 W DIVISION ST # 1,1,0,CRIMINAL DAMAGE,1,0,0
412,2005,c,JAMES S SOTER,10 W DIVISION ST # 1,1,0,OTHER OFFENSE,1,0,0
413,2014,c,JAMES S SOTER,10 W DIVISION ST # 1,1,0,DECEPTIVE PRACTICE,3,0,0
414,2014,c,JAMES S SOTER,10 W DIVISION ST # 1,1,0,OTHER OFFENSE,1,0,0
415,2014,c,JAMES S SOTER,10 W DIVISION ST # 1,1,0,PUBLIC PEACE VIOLATION,1,0,0
416,2014,c,JAMES S SOTER,10 W DIVISION ST # 1,1,0,MOTOR VEHICLE THEFT,1,0,0
417,2018,c,JAMES S SOTER,10 W DIVISION ST # 1,1,0,THEFT,2,1,0
418,2018,c,JAMES S SOTER,10 W DIVISION ST # 1,1,0,WEAPONS VIOLATION,1,1,0
419,2018,c,JAMES S SOTER,10 W DIVISION ST # 1,1,0,NARCOTICS,1,1,0
420,2007,c,JAMES S SOTER,10 W DIVISION ST # 1,1,0,THEFT,2,0,0
421,2003,c,JAMES S SOTER,10 W DIVISION ST # 1,1,0,BATTERY,1,0,0
422,2003,c,JAMES S SOTER,10 W DIVISION ST # 1,1,0,THEFT,1,0,0
423,2003,c,JAMES S SOTER,10 W DIVISION ST # 1,1,0,CRIMINAL TRESPASS,1,1,0
424,2003,c,JAMES S SOTER,10 W DIVISION ST # 1,1,0,OTHER OFFENSE,1,0,0
425,2015,c,"BRONZEVILLE CONVENIENCE, LTD.",100 E 47TH ST,1,0,BATTERY,2,0,0
426,2015,c,"BRONZEVILLE CONVENIENCE, LTD.",100 E 47TH ST,1,0,ROBBERY,1,0,0
427,2009,c,ESSAM WAHSHEH,100 E 47TH ST,1,0,HOMICIDE,1,0,0
428,2003,c,WAJEH SALEH,100 E 47TH ST,1,0,BATTERY,2,1,0
429,2003,c,WAJEH SALEH,100 E 47TH ST,1,0,ASSAULT,1,0,0
430,2003,c,WAJEH SALEH,100 E 47TH ST,1,0,ROBBERY,1,0,0
431,2013,c,"KAREEM MINI-MART, INC.",100 E 47TH ST 1ST,1,0,DECEPTIVE PRACTICE,2,0,0
432,2009,c,"KAREEM MINI-MART, INC.",100 E 47TH ST 1ST,1,0,HOMICIDE,1,0,0
433,2015,c,"KAREEM MINI-MART, INC.",100 E 47TH ST 1ST,1,0,BATTERY,2,0,0
434,2015,c,"KAREEM MINI-MART, INC.",100 E 47TH ST 1ST,1,0,ROBBERY,1,0,0
435,2011,c,"KAREEM MINI-MART, INC.",100 E 47TH ST 1ST,1,0,BATTERY,2,0,0
436,2011,c,"KAREEM MINI-MART, INC.",100 E 47TH ST 1ST,1,0,NARCOTICS,1,1,0
437,2011,c,"KAREEM MINI-MART, INC.",100 E 47TH ST 1ST,1,0,MOTOR VEHICLE THEFT,1,1,0
438,2003,c,51ST EXPRESS FOOD & LIQUOR INC,100 E 51ST ST,1,0,BATTERY,2,1,0
439,2003,c,51ST EXPRESS FOOD & LIQUOR INC,100 E 51ST ST,1,0,CRIMINAL DAMAGE,2,0,0
440,2003,c,51ST EXPRESS FOOD & LIQUOR INC,100 E 51ST ST,1,0,ASSAULT,1,0,0
441,2003,a,51ST EXPRESS FOOD & LIQUOR INC,100 E 51ST ST,0,0,BATTERY,2,1,0
442,2003,a,51ST EXPRESS FOOD & LIQUOR INC,100 E 51ST ST,0,0,CRIMINAL DAMAGE,2,0,0
443,2003,a,51ST EXPRESS FOOD & LIQUOR INC,100 E 51ST ST,0,0,ASSAULT,1,0,0
444,2003,a,51ST EXPRESS FOOD & LIQUOR INC,100 E 51ST ST,0,0,BATTERY,2,1,0
445,2003,a,51ST EXPRESS FOOD & LIQUOR INC,100 E 51ST ST,0,0,CRIMINAL DAMAGE,2,0,0
446,2003,a,51ST EXPRESS FOOD & LIQUOR INC,100 E 51ST ST,0,0,ASSAULT,1,0,0
447,2002,a,51ST EXPRESS FOOD & LIQUOR INC,100 E 51ST ST,0,0,CRIMINAL DAMAGE,1,0,0
448,2015,c,"MIKE DITKA'S - CHICAGO, LLC",100 E CHESTNUT ST 1-2,1,0,THEFT,3,0,0
449,2015,c,"MIKE DITKA'S - CHICAGO, LLC",100 E CHESTNUT ST 1-2,1,0,BATTERY,2,0,0
450,2015,c,"MIKE DITKA'S - CHICAGO, LLC",100 E CHESTNUT ST 1-2,1,0,WEAPONS VIOLATION,1,1,0
451,2015,c,"MIKE DITKA'S - CHICAGO, LLC",100 E CHESTNUT ST 1-2,1,0,OTHER OFFENSE,1,0,0
452,2017,c,"MIKE DITKA'S - CHICAGO, LLC",100 E CHESTNUT ST 1-2,1,0,THEFT,1,0,0
453,2017,c,"MIKE DITKA'S - CHICAGO, LLC",100 E CHESTNUT ST 1-2,1,0,CRIMINAL TRESPASS,1,1,0
454,2017,c,"MIKE DITKA'S - CHICAGO, LLC",100 E CHESTNUT ST 1-2,1,0,ASSAULT,1,0,0
455,2017,c,"MIKE DITKA'S - CHICAGO, LLC",100 E CHESTNUT ST 1-2,1,0,CRIMINAL DAMAGE,1,0,0
456,2003,c,"MIKE DITKA'S - CHICAGO, LLC",100 E CHESTNUT ST 1-2,1,0,BATTERY,2,1,0
457,2003,c,"MIKE DITKA'S - CHICAGO, LLC",100 E CHESTNUT ST 1-2,1,0,THEFT,2,0,0
458,2013,c,"MIKE DITKA'S - CHICAGO, LLC",100 E CHESTNUT ST 1-2,1,0,DECEPTIVE PRACTICE,2,0,0
459,2013,c,"MIKE DITKA'S - CHICAGO, LLC",100 E CHESTNUT ST 1-2,1,0,THEFT,1,0,0
460,2011,c,"MIKE DITKA'S - CHICAGO, LLC",100 E CHESTNUT ST 1-2,1,0,DECEPTIVE PRACTICE,1,0,0
461,2011,c,"MIKE DITKA'S - CHICAGO, LLC",100 E CHESTNUT ST 1-2,1,0,BATTERY,2,1,0
462,2011,c,"MIKE DITKA'S - CHICAGO, LLC",100 E CHESTNUT ST 1-2,1,0,THEFT,2,0,0
463,2007,c,"MIKE DITKA'S - CHICAGO, LLC",100 E CHESTNUT ST 1-2,1,0,DECEPTIVE PRACTICE,1,0,0
464,2007,c,"MIKE DITKA'S - CHICAGO, LLC",100 E CHESTNUT ST 1-2,1,0,THEFT,1,0,0
465,2004,c,"MIKE DITKA'S - CHICAGO, LLC",100 E CHESTNUT ST 1-2,1,0,CRIMINAL DAMAGE,1,0,0
466,2005,c,"PACIFIC BISTRO ONE, LLC",100 E WALTON ST,1,0,OTHER OFFENSE,1,0,0
467,2003,c,"PACIFIC BISTRO ONE, LLC",100 E WALTON ST,1,0,BATTERY,2,1,0
468,2003,c,"PACIFIC BISTRO ONE, LLC",100 E WALTON ST,1,0,THEFT,1,0,0
469,2004,c,"PACIFIC BISTRO ONE, LLC",100 E WALTON ST,1,0,CRIMINAL DAMAGE,1,0,0
470,2010,c,"O & B ENTERPRISE, INC.",100 N KEDZIE AVE,1,0,GAMBLING,1,1,0
471,2010,c,"O & B ENTERPRISE, INC.",100 N KEDZIE AVE,1,0,BATTERY,1,1,0
472,2010,c,"O & B ENTERPRISE, INC.",100 N KEDZIE AVE,1,0,THEFT,1,0,0
473,2010,c,"O & B ENTERPRISE, INC.",100 N KEDZIE AVE,1,0,NARCOTICS,1,1,0
474,2007,c,"GARDEN VILLAGE, INC.",100 N LA SALLE ST  104,1,0,DECEPTIVE PRACTICE,1,0,0
475,2007,c,"GARDEN VILLAGE, INC.",100 N LA SALLE ST  104,1,0,THEFT,5,2,0
476,2005,c,"GARDEN VILLAGE, INC.",100 N LA SALLE ST  104,1,0,DECEPTIVE PRACTICE,1,0,0
477,2006,c,"GARDEN VILLAGE, INC.",100 N LA SALLE ST  104,1,0,BATTERY,1,1,0
478,2010,c,"GARDEN VILLAGE, INC.",100 N LA SALLE ST  104,1,0,PUBLIC PEACE VIOLATION,2,0,0
479,2010,c,"GARDEN VILLAGE, INC.",100 N LA SALLE ST  104,1,0,ROBBERY,1,0,0
480,2010,c,"GARDEN VILLAGE, INC.",100 N LA SALLE ST  104,1,0,THEFT,3,0,0
481,2010,c,"GARDEN VILLAGE, INC.",100 N LA SALLE ST  104,1,0,NARCOTICS,1,1,0
482,2010,c,"GARDEN VILLAGE, INC.",100 N LA SALLE ST  104,1,0,ASSAULT,1,0,0
483,2017,c,"FAMILY DOLLAR, INC.",100 S LARAMIE AVE,1,0,OTHER OFFENSE,1,0,0
484,2013,c,"FAMILY DOLLAR, INC.",100 S LARAMIE AVE,1,0,DECEPTIVE PRACTICE,3,0,0
485,2013,c,"FAMILY DOLLAR, INC.",100 S LARAMIE AVE,1,0,HOMICIDE,1,0,0
486,2015,c,"FAMILY DOLLAR, INC.",100 S LARAMIE AVE,1,0,THEFT,1,0,0
487,2015,c,"FAMILY DOLLAR, INC.",100 S LARAMIE AVE,1,0,CRIMINAL DAMAGE,1,0,0
488,2015,c,"FAMILY DOLLAR, INC.",100 S LARAMIE AVE,1,0,NARCOTICS,4,4,0
489,2015,c,"FAMILY DOLLAR, INC.",100 S LARAMIE AVE,1,0,OTHER OFFENSE,1,1,0
490,2004,c,PURVI INC,100 S WACKER DR LOBBY,1,0,BATTERY,1,1,0
491,2004,c,PURVI INC,100 S WACKER DR LOBBY,1,0,ASSAULT,1,1,0
492,2003,c,PURVI INC,100 S WACKER DR LOBBY,1,0,THEFT,2,0,0
493,2003,c,PURVI INC,100 S WACKER DR LOBBY,1,0,OTHER OFFENSE,1,0,0
494,2012,c,PURVI INC,100 S WACKER DR LOBBY,1,0,PUBLIC PEACE VIOLATION,1,1,0
495,2012,c,PURVI INC,100 S WACKER DR LOBBY,1,0,BATTERY,1,0,0
496,2012,c,PURVI INC,100 S WACKER DR LOBBY,1,0,THEFT,1,0,0
497,2012,c,PURVI INC,100 S WACKER DR LOBBY,1,0,ASSAULT,1,0,0
498,2010,c,PURVI INC,100 S WACKER DR LOBBY,1,0,THEFT,3,0,0
499,2005,c,PURVI INC,100 S WACKER DR LOBBY,1,0,THEFT,1,0,0
500,2007,c,PURVI INC,100 S WACKER DR LOBBY,1,0,DECEPTIVE PRACTICE,2,0,0
501,2007,c,PURVI INC,100 S WACKER DR LOBBY,1,0,THEFT,2,0,0
502,2014,c,"FADO CHICAGO, L.L.C.",100 W GRAND AVE  1ST &,1,0,DECEPTIVE PRACTICE,4,0,0
503,2014,c,"FADO CHICAGO, L.L.C.",100 W GRAND AVE  1ST &,1,0,CRIMINAL TRESPASS,1,0,0
504,2007,c,"FADO CHICAGO, L.L.C.",100 W GRAND AVE  1ST &,1,0,ROBBERY,1,0,0
505,2007,c,"FADO CHICAGO, L.L.C.",100 W GRAND AVE  1ST &,1,0,THEFT,1,0,0
506,2004,c,"FADO CHICAGO, L.L.C.",100 W GRAND AVE  1ST &,1,0,BATTERY,2,1,0
507,2004,c,"FADO CHICAGO, L.L.C.",100 W GRAND AVE  1ST &,1,0,THEFT,2,1,0
508,2004,c,"FADO CHICAGO, L.L.C.",100 W GRAND AVE  1ST &,1,0,MOTOR VEHICLE THEFT,1,0,0
509,2008,c,"FADO CHICAGO, L.L.C.",100 W GRAND AVE  1ST &,1,0,THEFT,1,0,0
510,2010,c,"FADO CHICAGO, L.L.C.",100 W GRAND AVE  1ST &,1,0,DECEPTIVE PRACTICE,1,0,0
511,2010,c,"FADO CHICAGO, L.L.C.",100 W GRAND AVE  1ST &,1,0,THEFT,2,1,0
512,2010,c,"FADO CHICAGO, L.L.C.",100 W GRAND AVE  1ST &,1,0,OTHER OFFENSE,1,0,0
513,2012,c,"FADO CHICAGO, L.L.C.",100 W GRAND AVE  1ST &,1,0,DECEPTIVE PRACTICE,3,0,0
514,2012,c,"FADO CHICAGO, L.L.C.",100 W GRAND AVE  1ST &,1,0,BATTERY,1,1,0
515,2012,c,"FADO CHICAGO, L.L.C.",100 W GRAND AVE  1ST &,1,0,THEFT,2,0,0
516,2006,c,"FADO CHICAGO, L.L.C.",100 W GRAND AVE  1ST &,1,0,THEFT,2,1,0
517,2003,c,"FADO CHICAGO, L.L.C.",100 W GRAND AVE  1ST &,1,0,BATTERY,3,0,0
518,2003,c,"FADO CHICAGO, L.L.C.",100 W GRAND AVE  1ST &,1,0,THEFT,1,0,0
519,2003,c,"FADO CHICAGO, L.L.C.",100 W GRAND AVE  1ST &,1,0,CRIMINAL DAMAGE,1,0,0
520,2003,c,"FADO CHICAGO, L.L.C.",100 W GRAND AVE  1ST &,1,0,ASSAULT,1,1,0
521,2016,c,"FADO CHICAGO, L.L.C.",100 W GRAND AVE  1ST &,1,0,DECEPTIVE PRACTICE,4,1,0
522,2016,c,"FADO CHICAGO, L.L.C.",100 W GRAND AVE  1ST &,1,0,BATTERY,5,0,0
523,2016,c,"FADO CHICAGO, L.L.C.",100 W GRAND AVE  1ST &,1,0,THEFT,5,1,0
524,2016,c,"FADO CHICAGO, L.L.C.",100 W GRAND AVE  1ST &,1,0,CRIMINAL DAMAGE,2,1,0
525,2014,c,"FADO CHICAGO, L.L.C.",100 W GRAND AVE  1ST &,0,1,DECEPTIVE PRACTICE,4,0,0
526,2014,c,"FADO CHICAGO, L.L.C.",100 W GRAND AVE  1ST &,0,1,CRIMINAL TRESPASS,1,0,0
527,2007,c,"FADO CHICAGO, L.L.C.",100 W GRAND AVE  1ST &,0,1,ROBBERY,1,0,0
528,2007,c,"FADO CHICAGO, L.L.C.",100 W GRAND AVE  1ST &,0,1,THEFT,1,0,0
529,2018,c,"FADO CHICAGO, L.L.C.",100 W GRAND AVE  1ST &,0,1,ROBBERY,1,0,0
530,2018,c,"FADO CHICAGO, L.L.C.",100 W GRAND AVE  1ST &,0,1,THEFT,3,0,0
531,2018,c,"FADO CHICAGO, L.L.C.",100 W GRAND AVE  1ST &,0,1,CRIMINAL TRESPASS,1,1,0
532,2018,c,"FADO CHICAGO, L.L.C.",100 W GRAND AVE  1ST &,0,1,BURGLARY,1,0,0
533,2018,c,"FADO CHICAGO, L.L.C.",100 W GRAND AVE  1ST &,0,1,DECEPTIVE PRACTICE,1,0,0
534,2018,c,"FADO CHICAGO, L.L.C.",100 W GRAND AVE  1ST &,0,1,BATTERY,3,1,0
535,2018,c,"FADO CHICAGO, L.L.C.",100 W GRAND AVE  1ST &,0,1,MOTOR VEHICLE THEFT,1,1,0
536,2012,c,"FADO CHICAGO, L.L.C.",100 W GRAND AVE  1ST &,0,1,DECEPTIVE PRACTICE,3,0,0
537,2012,c,"FADO CHICAGO, L.L.C.",100 W GRAND AVE  1ST &,0,1,BATTERY,1,1,0
538,2012,c,"FADO CHICAGO, L.L.C.",100 W GRAND AVE  1ST &,0,1,THEFT,2,0,0
539,2008,c,"FADO CHICAGO, L.L.C.",100 W GRAND AVE  1ST &,0,1,THEFT,1,0,0
540,2010,c,"FADO CHICAGO, L.L.C.",100 W GRAND AVE  1ST &,0,1,DECEPTIVE PRACTICE,1,0,0
541,2010,c,"FADO CHICAGO, L.L.C.",100 W GRAND AVE  1ST &,0,1,THEFT,2,1,0
542,2010,c,"FADO CHICAGO, L.L.C.",100 W GRAND AVE  1ST &,0,1,OTHER OFFENSE,1,0,0
543,2016,c,"FADO CHICAGO, L.L.C.",100 W GRAND AVE  1ST &,0,1,DECEPTIVE PRACTICE,4,1,0
544,2016,c,"FADO CHICAGO, L.L.C.",100 W GRAND AVE  1ST &,0,1,BATTERY,5,0,0
545,2016,c,"FADO CHICAGO, L.L.C.",100 W GRAND AVE  1ST &,0,1,THEFT,5,1,0
546,2016,c,"FADO CHICAGO, L.L.C.",100 W GRAND AVE  1ST &,0,1,CRIMINAL DAMAGE,2,1,0
547,2006,c,PSMB INC,100 W MONROE ST,1,0,BATTERY,1,1,0
548,2005,c,HMT CORPORATION,100 W MONROE ST # 1ST,1,0,DECEPTIVE PRACTICE,1,0,0
549,2003,c,HMT CORPORATION,100 W MONROE ST # 1ST,1,0,THEFT,1,0,0
550,2004,c,HMT CORPORATION,100 W MONROE ST # 1ST,1,0,BATTERY,1,1,0
551,2004,c,HMT CORPORATION,100 W MONROE ST # 1ST,1,0,THEFT,2,1,0
552,2004,c,HMT CORPORATION,100 W MONROE ST # 1ST,1,0,ASSAULT,2,2,0
553,2004,c,HMT CORPORATION,100 W MONROE ST # 1ST,1,0,BATTERY,1,1,0
554,2004,c,HMT CORPORATION,100 W MONROE ST # 1ST,1,0,THEFT,2,1,0
555,2004,c,HMT CORPORATION,100 W MONROE ST # 1ST,1,0,ASSAULT,2,2,0
556,2014,c,GHANSHYAM PATEL & JATIN PATEL,100 W RANDOLPH ST  1ST,1,0,DECEPTIVE PRACTICE,2,0,0
557,2014,c,GHANSHYAM PATEL & JATIN PATEL,100 W RANDOLPH ST  1ST,1,0,THEFT,1,0,0
558,2005,c,GHANSHYAM PATEL & JATIN PATEL,100 W RANDOLPH ST  1ST,1,0,DECEPTIVE PRACTICE,1,0,0
559,2005,c,GHANSHYAM PATEL & JATIN PATEL,100 W RANDOLPH ST  1ST,1,0,BATTERY,1,0,0
560,2018,c,GHANSHYAM PATEL & JATIN PATEL,100 W RANDOLPH ST  1ST,1,0,BATTERY,2,0,0
561,2018,c,GHANSHYAM PATEL & JATIN PATEL,100 W RANDOLPH ST  1ST,1,0,THEFT,5,2,0
562,2018,c,GHANSHYAM PATEL & JATIN PATEL,100 W RANDOLPH ST  1ST,1,0,CRIMINAL TRESPASS,1,1,0
563,2018,c,GHANSHYAM PATEL & JATIN PATEL,100 W RANDOLPH ST  1ST,1,0,ASSAULT,1,1,0
564,2003,c,GHANSHYAM PATEL & JATIN PATEL,100 W RANDOLPH ST  1ST,1,0,BATTERY,1,0,0
565,2003,c,GHANSHYAM PATEL & JATIN PATEL,100 W RANDOLPH ST  1ST,1,0,THEFT,2,0,0
566,2003,c,GHANSHYAM PATEL & JATIN PATEL,100 W RANDOLPH ST  1ST,1,0,CRIMINAL DAMAGE,1,0,0
567,2003,c,GHANSHYAM PATEL & JATIN PATEL,100 W RANDOLPH ST  1ST,1,0,ASSAULT,1,1,0
568,2007,c,GHANSHYAM PATEL & JATIN PATEL,100 W RANDOLPH ST  1ST,1,0,DECEPTIVE PRACTICE,1,0,0
569,2007,c,GHANSHYAM PATEL & JATIN PATEL,100 W RANDOLPH ST  1ST,1,0,THEFT,5,2,0
570,2010,c,GHANSHYAM PATEL & JATIN PATEL,100 W RANDOLPH ST  1ST,1,0,PUBLIC PEACE VIOLATION,1,0,0
571,2010,c,GHANSHYAM PATEL & JATIN PATEL,100 W RANDOLPH ST  1ST,1,0,ROBBERY,1,0,0
572,2010,c,GHANSHYAM PATEL & JATIN PATEL,100 W RANDOLPH ST  1ST,1,0,THEFT,2,0,0
573,2010,c,GHANSHYAM PATEL & JATIN PATEL,100 W RANDOLPH ST  1ST,1,0,NARCOTICS,1,1,0
574,2010,c,GHANSHYAM PATEL & JATIN PATEL,100 W RANDOLPH ST  1ST,1,0,ASSAULT,1,0,0
575,2004,c,GHANSHYAM PATEL & JATIN PATEL,100 W RANDOLPH ST  1ST,1,0,BATTERY,1,1,0
576,2004,c,GHANSHYAM PATEL & JATIN PATEL,100 W RANDOLPH ST  1ST,1,0,THEFT,3,1,0
577,2004,c,GHANSHYAM PATEL & JATIN PATEL,100 W RANDOLPH ST  1ST,1,0,ASSAULT,1,1,0
578,2012,c,GHANSHYAM PATEL & JATIN PATEL,100 W RANDOLPH ST  1ST,1,0,BATTERY,3,1,0
579,2012,c,GHANSHYAM PATEL & JATIN PATEL,100 W RANDOLPH ST  1ST,1,0,THEFT,1,0,0
580,2012,c,GHANSHYAM PATEL & JATIN PATEL,100 W RANDOLPH ST  1ST,1,0,ASSAULT,1,0,0
581,2016,c,GHANSHYAM PATEL & JATIN PATEL,100 W RANDOLPH ST  1ST,1,0,ROBBERY,2,1,0
582,2016,c,GHANSHYAM PATEL & JATIN PATEL,100 W RANDOLPH ST  1ST,1,0,THEFT,4,2,0
583,2016,c,GHANSHYAM PATEL & JATIN PATEL,100 W RANDOLPH ST  1ST,1,0,CRIMINAL DAMAGE,1,0,0
584,2016,c,GHANSHYAM PATEL & JATIN PATEL,100 W RANDOLPH ST  1ST,1,0,ASSAULT,1,0,0
585,2016,c,GHANSHYAM PATEL & JATIN PATEL,100 W RANDOLPH ST  1ST,1,0,DECEPTIVE PRACTICE,1,0,0
586,2016,c,GHANSHYAM PATEL & JATIN PATEL,100 W RANDOLPH ST  1ST,1,0,BATTERY,4,1,0
587,2006,c,GHANSHYAM PATEL & JATIN PATEL,100 W RANDOLPH ST  1ST,1,0,BATTERY,1,1,0
588,2018,c,GHANSHYAM PATEL & JATIN PATEL,100 W RANDOLPH ST 1ST,1,0,BATTERY,2,0,0
589,2018,c,GHANSHYAM PATEL & JATIN PATEL,100 W RANDOLPH ST 1ST,1,0,THEFT,5,2,0
590,2018,c,GHANSHYAM PATEL & JATIN PATEL,100 W RANDOLPH ST 1ST,1,0,CRIMINAL TRESPASS,1,1,0
591,2018,c,GHANSHYAM PATEL & JATIN PATEL,100 W RANDOLPH ST 1ST,1,0,ASSAULT,1,1,0
592,2012,c,GHANSHYAM PATEL & JATIN PATEL,100 W RANDOLPH ST 1ST,1,0,BATTERY,3,1,0
593,2012,c,GHANSHYAM PATEL & JATIN PATEL,100 W RANDOLPH ST 1ST,1,0,THEFT,1,0,0
594,2012,c,GHANSHYAM PATEL & JATIN PATEL,100 W RANDOLPH ST 1ST,1,0,ASSAULT,1,0,0
595,2007,c,GHANSHYAM PATEL & JATIN PATEL,100 W RANDOLPH ST 1ST,1,0,DECEPTIVE PRACTICE,1,0,0
596,2007,c,GHANSHYAM PATEL & JATIN PATEL,100 W RANDOLPH ST 1ST,1,0,THEFT,5,2,0
597,2006,c,GHANSHYAM PATEL & JATIN PATEL,100 W RANDOLPH ST 1ST,1,0,BATTERY,1,1,0
598,2003,c,GHANSHYAM PATEL & JATIN PATEL,100 W RANDOLPH ST 1ST,1,0,BATTERY,1,0,0
599,2003,c,GHANSHYAM PATEL & JATIN PATEL,100 W RANDOLPH ST 1ST,1,0,THEFT,2,0,0
600,2003,c,GHANSHYAM PATEL & JATIN PATEL,100 W RANDOLPH ST 1ST,1,0,CRIMINAL DAMAGE,1,0,0
601,2003,c,GHANSHYAM PATEL & JATIN PATEL,100 W RANDOLPH ST 1ST,1,0,ASSAULT,1,1,0
602,2016,c,GHANSHYAM PATEL & JATIN PATEL,100 W RANDOLPH ST 1ST,1,0,ROBBERY,2,1,0
603,2016,c,GHANSHYAM PATEL & JATIN PATEL,100 W RANDOLPH ST 1ST,1,0,THEFT,4,2,0
604,2016,c,GHANSHYAM PATEL & JATIN PATEL,100 W RANDOLPH ST 1ST,1,0,CRIMINAL DAMAGE,1,0,0
605,2016,c,GHANSHYAM PATEL & JATIN PATEL,100 W RANDOLPH ST 1ST,1,0,ASSAULT,1,0,0
606,2016,c,GHANSHYAM PATEL & JATIN PATEL,100 W RANDOLPH ST 1ST,1,0,DECEPTIVE PRACTICE,1,0,0
607,2016,c,GHANSHYAM PATEL & JATIN PATEL,100 W RANDOLPH ST 1ST,1,0,BATTERY,4,1,0
608,2010,c,GHANSHYAM PATEL & JATIN PATEL,100 W RANDOLPH ST 1ST,1,0,PUBLIC PEACE VIOLATION,1,0,0
609,2010,c,GHANSHYAM PATEL & JATIN PATEL,100 W RANDOLPH ST 1ST,1,0,ROBBERY,1,0,0
610,2010,c,GHANSHYAM PATEL & JATIN PATEL,100 W RANDOLPH ST 1ST,1,0,THEFT,2,0,0
611,2010,c,GHANSHYAM PATEL & JATIN PATEL,100 W RANDOLPH ST 1ST,1,0,NARCOTICS,1,1,0
612,2010,c,GHANSHYAM PATEL & JATIN PATEL,100 W RANDOLPH ST 1ST,1,0,ASSAULT,1,0,0
613,2004,c,GHANSHYAM PATEL & JATIN PATEL,100 W RANDOLPH ST 1ST,1,0,BATTERY,1,1,0
614,2004,c,GHANSHYAM PATEL & JATIN PATEL,100 W RANDOLPH ST 1ST,1,0,THEFT,3,1,0
615,2004,c,GHANSHYAM PATEL & JATIN PATEL,100 W RANDOLPH ST 1ST,1,0,ASSAULT,1,1,0
616,2014,c,GHANSHYAM PATEL & JATIN PATEL,100 W RANDOLPH ST 1ST,1,0,DECEPTIVE PRACTICE,2,0,0
617,2014,c,GHANSHYAM PATEL & JATIN PATEL,100 W RANDOLPH ST 1ST,1,0,THEFT,1,0,0
618,2005,c,GHANSHYAM PATEL & JATIN PATEL,100 W RANDOLPH ST 1ST,1,0,DECEPTIVE PRACTICE,1,0,0
619,2005,c,GHANSHYAM PATEL & JATIN PATEL,100 W RANDOLPH ST 1ST,1,0,BATTERY,1,0,0
620,2003,c,"HDS Retail North America, LP",100 W RANDOLPH ST 1ST,1,0,BATTERY,1,0,0
621,2003,c,"HDS Retail North America, LP",100 W RANDOLPH ST 1ST,1,0,THEFT,2,0,0
622,2003,c,"HDS Retail North America, LP",100 W RANDOLPH ST 1ST,1,0,CRIMINAL DAMAGE,1,0,0
623,2003,c,"HDS Retail North America, LP",100 W RANDOLPH ST 1ST,1,0,ASSAULT,1,1,0
624,2004,c,"HDS Retail North America, LP",100 W RANDOLPH ST 1ST,1,0,BATTERY,1,1,0
625,2004,c,"HDS Retail North America, LP",100 W RANDOLPH ST 1ST,1,0,THEFT,3,1,0
626,2004,c,"HDS Retail North America, LP",100 W RANDOLPH ST 1ST,1,0,ASSAULT,1,1,0
627,2018,a,WALGREEN CO.,100 W RANDOLPH ST 1ST 101,0,0,BATTERY,2,0,0
628,2018,a,WALGREEN CO.,100 W RANDOLPH ST 1ST 101,0,0,THEFT,5,2,0
629,2018,a,WALGREEN CO.,100 W RANDOLPH ST 1ST 101,0,0,CRIMINAL TRESPASS,1,1,0
630,2018,a,WALGREEN CO.,100 W RANDOLPH ST 1ST 101,0,0,ASSAULT,1,1,0
631,2016,c,WALGREEN CO.,100 W RANDOLPH ST 1ST 101,1,0,ROBBERY,2,1,0
632,2016,c,WALGREEN CO.,100 W RANDOLPH ST 1ST 101,1,0,THEFT,4,2,0
633,2016,c,WALGREEN CO.,100 W RANDOLPH ST 1ST 101,1,0,CRIMINAL DAMAGE,1,0,0
634,2016,c,WALGREEN CO.,100 W RANDOLPH ST 1ST 101,1,0,ASSAULT,1,0,0
635,2016,c,WALGREEN CO.,100 W RANDOLPH ST 1ST 101,1,0,DECEPTIVE PRACTICE,1,0,0
636,2016,c,WALGREEN CO.,100 W RANDOLPH ST 1ST 101,1,0,BATTERY,4,1,0
637,2018,c,WALGREEN CO.,100 W RANDOLPH ST 1ST 101,1,0,BATTERY,2,0,0
638,2018,c,WALGREEN CO.,100 W RANDOLPH ST 1ST 101,1,0,THEFT,5,2,0
639,2018,c,WALGREEN CO.,100 W RANDOLPH ST 1ST 101,1,0,CRIMINAL TRESPASS,1,1,0
640,2018,c,WALGREEN CO.,100 W RANDOLPH ST 1ST 101,1,0,ASSAULT,1,1,0
641,2017,a,WALGREEN CO.,100 W RANDOLPH ST 1ST 101,0,0,BURGLARY,1,0,0
642,2017,a,WALGREEN CO.,100 W RANDOLPH ST 1ST 101,0,0,DECEPTIVE PRACTICE,2,0,0
643,2017,a,WALGREEN CO.,100 W RANDOLPH ST 1ST 101,0,0,BATTERY,1,0,0
644,2017,a,WALGREEN CO.,100 W RANDOLPH ST 1ST 101,0,0,THEFT,5,2,0
645,2005,c,C B N INC,100-102 E 71ST ST 1ST,0,1,BATTERY,1,0,0
646,2003,c,C B N INC,100-102 E 71ST ST 1ST,0,1,BATTERY,1,0,0
647,2003,c,C B N INC,100-102 E 71ST ST 1ST,0,1,OTHER OFFENSE,1,0,0
648,2003,c,C B N INC,100-102 E 71ST ST 1ST,0,1,ASSAULT,1,0,0
649,2007,c,C B N INC,100-102 E 71ST ST 1ST,0,1,ASSAULT,1,0,0
650,2006,c,C B N INC,100-102 E 71ST ST 1ST,0,1,BATTERY,1,0,0
651,2006,c,C B N INC,100-102 E 71ST ST 1ST,0,1,THEFT,1,0,0
652,2004,c,C B N INC,100-102 E 71ST ST 1ST,0,1,BATTERY,1,0,0
653,2002,c,C B N INC,100-102 E 71ST ST 1ST,0,1,THEFT,2,0,0
654,2002,c,C B N INC,100-102 E 71ST ST 1ST,0,1,THEFT,2,0,0
655,2009,c,C B N INC,100-102 E 71ST ST 1ST,0,1,HOMICIDE,4,0,0
656,2003,c,C B N INC,100-102 E 71ST ST 1ST,0,1,BATTERY,1,0,0
657,2003,c,C B N INC,100-102 E 71ST ST 1ST,0,1,OTHER OFFENSE,1,0,0
658,2003,c,C B N INC,100-102 E 71ST ST 1ST,0,1,ASSAULT,1,0,0
659,2013,c,"EMORTL LLC, MaMa Tu's Korner Store",1000 E 76TH ST 1ST FLOOR,1,0,CRIM SEXUAL ASSAULT,1,0,0
660,2007,c,AHMAD YUSUF,1000 N CICERO AVE,1,0,BATTERY,1,0,0
661,2007,c,AHMAD YUSUF,1000 N CICERO AVE,1,0,CRIMINAL DAMAGE,1,0,0
662,2007,c,AHMAD YUSUF,1000 N CICERO AVE,1,0,NARCOTICS,1,1,0
663,2011,c,AHMAD YUSUF,1000 N CICERO AVE,1,0,BATTERY,3,0,0
664,2011,c,AHMAD YUSUF,1000 N CICERO AVE,1,0,WEAPONS VIOLATION,1,1,0
665,2011,c,AHMAD YUSUF,1000 N CICERO AVE,1,0,NARCOTICS,2,2,0
666,2004,c,AHMAD YUSUF,1000 N CICERO AVE,1,0,BATTERY,2,1,0
667,2006,c,AHMAD YUSUF,1000 N CICERO AVE,1,0,BATTERY,1,0,0
668,2004,c,AHMAD YUSUF,1000 N CICERO AVE,1,0,BATTERY,2,1,0
669,2005,c,AHMAD YUSUF,1000 N CICERO AVE,1,0,BATTERY,1,0,0
670,2002,a,AHMAD YUSUF,1000 N CICERO AVE,0,0,ASSAULT,1,0,0
671,2006,a,AHMAD YUSUF,1000 N CICERO AVE,0,0,BATTERY,1,0,0
672,2005,a,AHMAD YUSUF,1000 N CICERO AVE,0,0,BATTERY,1,0,0
673,2007,a,AHMAD YUSUF,1000 N CICERO AVE,0,0,BATTERY,1,0,0
674,2007,a,AHMAD YUSUF,1000 N CICERO AVE,0,0,CRIMINAL DAMAGE,1,0,0
675,2007,a,AHMAD YUSUF,1000 N CICERO AVE,0,0,NARCOTICS,1,1,0
676,2011,a,AHMAD YUSUF,1000 N CICERO AVE,0,0,BATTERY,3,0,0
677,2011,a,AHMAD YUSUF,1000 N CICERO AVE,0,0,WEAPONS VIOLATION,1,1,0
678,2011,a,AHMAD YUSUF,1000 N CICERO AVE,0,0,NARCOTICS,2,2,0
679,2004,a,AHMAD YUSUF,1000 N CICERO AVE,0,0,BATTERY,2,1,0
680,2017,c,"1000 N. CICERO, INC.",1000 N CICERO AVE 1ST,1,0,BATTERY,1,1,0
681,2013,c,"1000 N. CICERO, INC.",1000 N CICERO AVE 1ST,1,0,NARCOTICS,1,1,0
682,2013,a,"1000 N. CICERO, INC.",1000 N CICERO AVE 1ST,0,0,NARCOTICS,1,1,0
683,2017,a,"1000 N. CICERO, INC.",1000 N CICERO AVE 1ST,0,0,BATTERY,1,1,0
684,2012,c,"DIANA'S FOOD & RESTAURANT, INC.",1000 N FRANCISCO AVE,1,0,BATTERY,1,0,0
685,2005,c,"DIANA'S FOOD & RESTAURANT, INC.",1000 N FRANCISCO AVE,1,0,ROBBERY,1,0,0
686,2005,c,"DIANA'S FOOD & RESTAURANT, INC.",1000 N FRANCISCO AVE,1,0,THEFT,1,0,0
687,2005,c,"DIANA'S FOOD & RESTAURANT, INC.",1000 N FRANCISCO AVE,1,0,OTHER OFFENSE,1,0,0
688,2006,c,"DIANA'S FOOD & RESTAURANT, INC.",1000 N FRANCISCO AVE,1,0,BATTERY,1,0,0
689,2006,c,"DIANA'S FOOD & RESTAURANT, INC.",1000 N FRANCISCO AVE,1,0,ASSAULT,2,0,0
690,2007,c,"DIANA'S FOOD & RESTAURANT, INC.",1000 N FRANCISCO AVE,1,0,BATTERY,1,0,0
691,2007,c,"DIANA'S FOOD & RESTAURANT, INC.",1000 N FRANCISCO AVE,1,0,NARCOTICS,1,1,0
692,2007,c,"DIANA'S FOOD & RESTAURANT, INC.",1000 N FRANCISCO AVE,1,0,MOTOR VEHICLE THEFT,1,0,0
693,2010,c,"DIANA'S FOOD & RESTAURANT, INC.",1000 N FRANCISCO AVE,1,0,ROBBERY,1,0,0
694,2010,c,"DIANA'S FOOD & RESTAURANT, INC.",1000 N FRANCISCO AVE,1,0,THEFT,2,0,0
695,2004,c,GREGORIO RIVERA,1000 N FRANCISCO AVE,1,0,ROBBERY,1,0,0
696,2005,c,GREGORIO RIVERA,1000 N FRANCISCO AVE,1,0,ROBBERY,1,0,0
697,2005,c,GREGORIO RIVERA,1000 N FRANCISCO AVE,1,0,THEFT,1,0,0
698,2005,c,GREGORIO RIVERA,1000 N FRANCISCO AVE,1,0,OTHER OFFENSE,1,0,0
699,2003,c,GREGORIO RIVERA,1000 N FRANCISCO AVE,1,0,THEFT,1,0,0
700,2003,c,GREGORIO RIVERA,1000 N FRANCISCO AVE,1,0,CRIMINAL DAMAGE,1,0,0
701,2018,c,"COSMIC CONCEPTS, LTD.",1000 N HALSTED ST 2ND 202,1,0,BATTERY,1,0,0
702,2018,c,"COSMIC CONCEPTS, LTD.",1000 N HALSTED ST 2ND 202,1,0,THEFT,1,0,0
703,2011,c,HAMLIN GROCERIES CORPORATION,1000 N HAMLIN AVE,1,0,BATTERY,2,0,0
704,2011,c,HAMLIN GROCERIES CORPORATION,1000 N HAMLIN AVE,1,0,OTHER OFFENSE,1,0,0
705,2011,c,HAMLIN GROCERIES CORPORATION,1000 N HAMLIN AVE,1,0,MOTOR VEHICLE THEFT,1,0,0
706,2009,c,HAMLIN GROCERIES CORPORATION,1000 N HAMLIN AVE,1,0,HOMICIDE,2,1,0
707,2007,c,HAMLIN GROCERIES CORPORATION,1000 N HAMLIN AVE,1,0,BATTERY,1,1,0
708,2017,c,WEST SIDE FOOD MARKET INC.,1000 N HAMLIN AVE 1ST,1,0,THEFT,1,0,0
709,2015,c,"AUGUSTA FOOD PLUS, INC.",1000 N HAMLIN AVE 1ST 1,1,0,BATTERY,2,0,0
710,2015,c,"AUGUSTA FOOD PLUS, INC.",1000 N HAMLIN AVE 1ST 1,1,0,NARCOTICS,2,2,0
711,2017,c,"AUGUSTA FOOD PLUS, INC.",1000 N HAMLIN AVE 1ST 1,1,0,THEFT,1,0,0
712,2018,a,"CHEVALIER FINE WINES, INC.",1000 N MILWAUKEE AVE  C1N,0,0,THEFT,1,0,0
713,2018,a,"CHEVALIER FINE WINES, INC.",1000 N MILWAUKEE AVE  C1N,0,0,ASSAULT,1,1,0
714,2016,a,"CHEVALIER FINE WINES, INC.",1000 N MILWAUKEE AVE  C1N,0,0,ROBBERY,1,0,0
715,2016,a,"CHEVALIER FINE WINES, INC.",1000 N MILWAUKEE AVE  C1N,0,0,OTHER OFFENSE,1,0,0
716,2011,c,"MONTICELLO FOOD MART, INC.",1000 N MONTICELLO AVE 1,1,0,BATTERY,2,0,0
717,2011,c,"MONTICELLO FOOD MART, INC.",1000 N MONTICELLO AVE 1,1,0,OTHER OFFENSE,1,0,0
718,2011,c,"MONTICELLO FOOD MART, INC.",1000 N MONTICELLO AVE 1,1,0,MOTOR VEHICLE THEFT,1,0,0
719,2013,c,"MONTICELLO FOOD MART, INC.",1000 N MONTICELLO AVE 1,1,0,OFFENSE INVOLVING CHILDREN,1,0,0
720,2013,c,"MONTICELLO FOOD MART, INC.",1000 N MONTICELLO AVE 1,1,0,HOMICIDE,1,0,0
721,2013,c,"MONTICELLO FOOD MART, INC.",1000 N MONTICELLO AVE 1,1,0,CRIM SEXUAL ASSAULT,1,0,0
722,2012,c,"AUGUSTA FINEST FOODS, INC.",1000 N MOZART ST 1,1,0,BATTERY,1,0,0
723,2014,c,"LUNA FOOD MART, INC.",1000 N MOZART ST 1,1,0,DECEPTIVE PRACTICE,2,0,0
724,2014,c,"LUNA FOOD MART, INC.",1000 N MOZART ST 1,1,0,THEFT,1,0,0
725,2010,c,"MOZART GROCERY STORE, INC.",1000 N MOZART ST 1 1,1,0,ROBBERY,1,0,0
726,2010,c,"MOZART GROCERY STORE, INC.",1000 N MOZART ST 1 1,1,0,THEFT,2,0,0
727,2012,c,"MOZART GROCERY STORE, INC.",1000 N MOZART ST 1 1,1,0,BATTERY,1,0,0
728,2004,c,MOZART FOOD INC,1000 N MOZART ST 1ST,1,0,ROBBERY,2,0,0
729,2006,c,MOZART FOOD INC,1000 N MOZART ST 1ST,1,0,BATTERY,1,0,0
730,2006,c,MOZART FOOD INC,1000 N MOZART ST 1ST,1,0,ASSAULT,2,0,0
731,2003,c,MOZART FOOD INC,1000 N MOZART ST 1ST,1,0,THEFT,1,0,0
732,2003,c,MOZART FOOD INC,1000 N MOZART ST 1ST,1,0,CRIMINAL DAMAGE,1,0,0
733,2005,c,MOZART FOOD INC,1000 N MOZART ST 1ST,1,0,ROBBERY,1,0,0
734,2005,c,MOZART FOOD INC,1000 N MOZART ST 1ST,1,0,THEFT,1,0,0
735,2005,c,MOZART FOOD INC,1000 N MOZART ST 1ST,1,0,OTHER OFFENSE,1,0,0
736,2005,c,MOZART FOOD INC,1000 N MOZART ST 1ST,1,0,ASSAULT,1,0,0
737,2007,c,MOZART FOOD INC,1000 N MOZART ST 1ST,1,0,BATTERY,1,0,0
738,2007,c,MOZART FOOD INC,1000 N MOZART ST 1ST,1,0,NARCOTICS,1,1,0
739,2007,c,MOZART FOOD INC,1000 N MOZART ST 1ST,1,0,MOTOR VEHICLE THEFT,1,0,0
740,2008,b,CHILDSERV,1000 N ORLEANS ST,0,0,HOMICIDE,1,0,0
741,2006,b,CHILDSERV,1000 N ORLEANS ST,0,0,BURGLARY,1,0,0
742,2005,b,CHILDSERV,1000 N ORLEANS ST,0,0,BURGLARY,1,1,0
743,2005,b,CHILDSERV,1000 N ORLEANS ST,0,0,OTHER OFFENSE,1,0,0
744,2003,b,ST MATTHEW HEADSTART DAY CARE,1000 N ORLEANS ST  1,0,0,BATTERY,1,1,0
745,2003,b,ST MATTHEW HEADSTART DAY CARE,1000 N ORLEANS ST  1,0,0,OTHER OFFENSE,1,0,0
746,2003,b,CHICAGO YOUTH CENTERS,1000 N SEDGWICK ST # 1,0,0,BATTERY,1,1,0
747,2003,b,CHICAGO YOUTH CENTERS,1000 N SEDGWICK ST # 1,0,0,OTHER OFFENSE,1,0,0
748,2003,c,STAR FOODS INC,1000 S LOOMIS ST 1ST,1,0,BURGLARY,1,0,0
749,2008,b,SOLID FOUNDATION KIDS CARE INC.,1000 S WESTERN AVE 1,0,0,BURGLARY,1,0,0
750,2008,b,SOLID FOUNDATION KIDS CARE INC.,1000 S WESTERN AVE 1,0,0,HOMICIDE,1,1,0
751,2012,b,SOLID FOUNDATION KIDS CARE INC.,1000 S WESTERN AVE 1,0,0,CRIMINAL DAMAGE,1,0,0
752,2012,b,SOLID FOUNDATION KIDS CARE INC.,1000 S WESTERN AVE 1,0,0,MOTOR VEHICLE THEFT,1,0,0
753,2010,b,SOLID FOUNDATION KIDS CARE INC.,1000 S WESTERN AVE 1,0,0,THEFT,1,0,0
754,2010,b,SOLID FOUNDATION KIDS CARE INC.,1000 S WESTERN AVE 1,0,0,CRIMINAL TRESPASS,1,1,0
755,2014,b,SOLID FOUNDATION KIDS CARE INC.,1000 S WESTERN AVE 1,0,0,THEFT,1,0,0
756,2014,b,SOLID FOUNDATION KIDS CARE INC.,1000 S WESTERN AVE 1,0,0,THEFT,1,0,0
757,2017,b,LITTLE GENIUS COMMUNITY DAYCARE CENTER INCORPORATED,1000 W 103RD ST 1ST & 2ND,0,0,BATTERY,1,0,0
758,2015,b,LITTLE GENIUS COMMUNITY DAYCARE CENTER INCORPORATED,1000 W 103RD ST 1ST & 2ND,0,0,BATTERY,2,0,0
759,2014,b,NEW CITY DAYCARE INC.,1000 W 51ST ST,0,0,OTHER OFFENSE,1,0,0
760,2012,b,NEW CITY DAYCARE INC.,1000 W 51ST ST,0,0,BATTERY,1,0,0
761,2012,b,NEW CITY DAYCARE INC.,1000 W 51ST ST,0,0,CRIMINAL DAMAGE,1,0,0
762,2012,b,NEW CITY DAYCARE INC.,1000 W 51ST ST,0,0,BATTERY,1,0,0
763,2012,b,NEW CITY DAYCARE INC.,1000 W 51ST ST,0,0,CRIMINAL DAMAGE,1,0,0
764,2010,b,NEW CITY DAYCARE INC.,1000 W 51ST ST,0,0,CRIMINAL DAMAGE,1,0,0
765,2010,b,NEW CITY DAYCARE INC.,1000 W 51ST ST,0,0,NARCOTICS,1,1,0
766,2010,b,NEW CITY DAYCARE INC.,1000 W 51ST ST,0,0,CRIMINAL DAMAGE,1,0,0
767,2010,b,NEW CITY DAYCARE INC.,1000 W 51ST ST,0,0,NARCOTICS,1,1,0
768,2014,b,NEW CITY DAYCARE INC.,1000 W 51ST ST,0,0,OTHER OFFENSE,1,0,0
769,2014,b,NEW CITY DAYCARE INC.,1000 W 51ST ST,0,0,OTHER OFFENSE,1,0,0
770,2018,b,NEW CITY DAYCARE INC.,1000 W 51ST ST,0,0,BATTERY,1,0,0
771,2005,c,"69TH FRESH FOOD MARKET, INC.",1000 W 69TH ST,1,0,OTHER OFFENSE,1,0,0
772,2002,c,ALA FOOD INC,1000 W 69TH ST,1,0,DECEPTIVE PRACTICE,1,0,0
773,2002,c,ALA FOOD INC,1000 W 69TH ST,1,0,BATTERY,2,0,0
774,2003,c,"BAHAA FOOD, INC.",1000 W 69TH ST,1,0,BATTERY,1,0,0
775,2007,c,HOMAN FOOD MART INC.,1000 W 69TH ST 1ST,1,0,BATTERY,1,0,0
776,2010,c,SALLY WELLS,1000 W 79TH ST  FIRST,1,0,BATTERY,1,0,0
777,2007,c,SALLY WELLS,1000 W 79TH ST  FIRST,1,0,BATTERY,1,0,0
778,2007,c,SALLY WELLS,1000 W 79TH ST  FIRST,1,0,THEFT,1,1,0
779,2007,c,SALLY WELLS,1000 W 79TH ST  FIRST,1,0,CRIMINAL TRESPASS,1,1,0
780,2007,c,SALLY WELLS,1000 W 79TH ST  FIRST,1,0,ASSAULT,1,0,0
781,2006,c,SALLY WELLS,1000 W 79TH ST  FIRST,1,0,OFFENSE INVOLVING CHILDREN,1,0,0
782,2016,c,SALLY WELLS,1000 W 79TH ST  FIRST,1,0,DECEPTIVE PRACTICE,1,0,0
783,2016,c,SALLY WELLS,1000 W 79TH ST  FIRST,1,0,BATTERY,1,1,0
784,2016,c,SALLY WELLS,1000 W 79TH ST  FIRST,1,0,THEFT,1,0,0
785,2016,c,SALLY WELLS,1000 W 79TH ST  FIRST,1,0,CRIMINAL TRESPASS,1,1,0
786,2003,c,SALLY WELLS,1000 W 79TH ST  FIRST,1,0,BATTERY,1,1,0
787,2003,c,SALLY WELLS,1000 W 79TH ST  FIRST,1,0,OTHER OFFENSE,1,0,0
788,2006,a,SALLY WELLS,1000 W 79TH ST  FIRST,0,0,OFFENSE INVOLVING CHILDREN,1,0,0
789,2003,a,SALLY WELLS,1000 W 79TH ST  FIRST,0,0,BATTERY,1,1,0
790,2003,a,SALLY WELLS,1000 W 79TH ST  FIRST,0,0,OTHER OFFENSE,1,0,0
791,2010,a,SALLY WELLS,1000 W 79TH ST  FIRST,0,0,BATTERY,1,0,0
792,2016,a,SALLY WELLS,1000 W 79TH ST  FIRST,0,0,DECEPTIVE PRACTICE,1,0,0
793,2016,a,SALLY WELLS,1000 W 79TH ST  FIRST,0,0,BATTERY,1,1,0
794,2016,a,SALLY WELLS,1000 W 79TH ST  FIRST,0,0,THEFT,1,0,0
795,2016,a,SALLY WELLS,1000 W 79TH ST  FIRST,0,0,CRIMINAL TRESPASS,1,1,0
796,2003,a,SALLY WELLS,1000 W 79TH ST  FIRST,0,0,BATTERY,1,1,0
797,2003,a,SALLY WELLS,1000 W 79TH ST  FIRST,0,0,OTHER OFFENSE,1,0,0
798,2007,a,SALLY WELLS,1000 W 79TH ST  FIRST,0,0,BATTERY,1,0,0
799,2007,a,SALLY WELLS,1000 W 79TH ST  FIRST,0,0,THEFT,1,1,0
800,2007,a,SALLY WELLS,1000 W 79TH ST  FIRST,0,0,CRIMINAL TRESPASS,1,1,0
801,2007,a,SALLY WELLS,1000 W 79TH ST  FIRST,0,0,ASSAULT,1,0,0
802,2008,c,AMANA FOOD CORP,1000 W MARQUETTE RD 1ST,1,0,BATTERY,2,0,0
803,2003,c,AMANA FOOD CORP,1000 W MARQUETTE RD 1ST,1,0,BATTERY,1,0,0
804,2003,c,AMANA FOOD CORP,1000 W MARQUETTE RD 1ST,1,0,MOTOR VEHICLE THEFT,1,0,0
805,2014,c,AMANA FOOD CORP,1000 W MARQUETTE RD 1ST,1,0,BURGLARY,1,0,0
806,2014,c,AMANA FOOD CORP,1000 W MARQUETTE RD 1ST,1,0,DECEPTIVE PRACTICE,1,0,0
807,2007,c,AMANA FOOD CORP,1000 W MARQUETTE RD 1ST,1,0,ASSAULT,1,1,0
808,2006,c,AMANA FOOD CORP,1000 W MARQUETTE RD 1ST,1,0,THEFT,1,0,0
809,2018,c,AMANA FOOD CORP,1000 W MARQUETTE RD 1ST,1,0,CRIMINAL DAMAGE,2,0,0
810,2012,c,AMANA FOOD CORP,1000 W MARQUETTE RD 1ST,1,0,CRIM SEXUAL ASSAULT,1,1,0
811,2010,c,AMANA FOOD CORP,1000 W MARQUETTE RD 1ST,1,0,BATTERY,1,0,0
812,2016,c,AMANA FOOD CORP,1000 W MARQUETTE RD 1ST,1,0,ROBBERY,1,0,0
813,2016,c,AMANA FOOD CORP,1000 W MARQUETTE RD 1ST,1,0,OTHER OFFENSE,1,0,0
814,2016,c,AMANA FOOD CORP,1000 W MARQUETTE RD 1ST,1,0,CRIMINAL TRESPASS,1,1,0
815,2011,a,"WHOLE FOODS MARKET GROUP, INC.",1000 W NORTH AVE 1ST,0,0,BATTERY,2,2,0
816,2011,a,"WHOLE FOODS MARKET GROUP, INC.",1000 W NORTH AVE 1ST,0,0,THEFT,1,0,0
817,2003,a,"WHOLE FOODS MARKET GROUP, INC.",1000 W NORTH AVE 1ST,0,0,THEFT,1,0,0
818,2003,a,"WHOLE FOODS MARKET GROUP, INC.",1000 W NORTH AVE 1ST,0,0,ASSAULT,1,1,0
819,2006,a,"WHOLE FOODS MARKET GROUP, INC.",1000 W NORTH AVE 1ST,0,0,THEFT,1,0,0
820,2006,a,"WHOLE FOODS MARKET GROUP, INC.",1000 W NORTH AVE 1ST,0,0,MOTOR VEHICLE THEFT,1,0,0
821,2002,a,"WHOLE FOODS MARKET GROUP, INC.",1000 W NORTH AVE 1ST,0,0,THEFT,1,0,0
822,2004,a,"WHOLE FOODS MARKET GROUP, INC.",1000 W NORTH AVE 1ST,0,0,THEFT,1,0,0
823,2005,a,"WHOLE FOODS MARKET GROUP, INC.",1000 W NORTH AVE 1ST,0,0,THEFT,1,0,0
824,2003,a,"WHOLE FOODS MARKET GROUP, INC.",1000 W NORTH AVE 1ST,0,0,THEFT,1,0,0
825,2003,a,"WHOLE FOODS MARKET GROUP, INC.",1000 W NORTH AVE 1ST,0,0,ASSAULT,1,1,0
